user_id,precision_at_k,recall_at_k,f1_at_k,ndcg_at_k,hit_rate_at_k,average_precision,intra_list_similarity,gini_index,num_recommendations,num_relevant
1,0.1,1.0,0.18181818181818182,0.6309297535714575,1.0,0.5,0.46569785,0.252886796705701,10,1
2,0.0,0.0,0.0,0.0,0.0,0.0,0.44882715,0.2832730228341969,10,0
3,0.0,0.0,0.0,0.0,0.0,0.0,0.41939014,0.21098001675703965,10,0
4,0.0,0.0,0.0,0.0,0.0,0.0,0.44835892,0.23729347238265,10,0
5,0.0,0.0,0.0,0.0,0.0,0.0,0.432936,0.14244965870514878,10,0
6,0.0,0.0,0.0,0.0,0.0,0.0,0.39190567,0.33106570903486093,10,0
7,0.0,0.0,0.0,0.0,0.0,0.0,0.43961602,0.1268144865624235,10,0
8,0.0,0.0,0.0,0.0,0.0,0.0,0.3758044,0.16451854720004935,10,0
9,0.0,0.0,0.0,0.0,0.0,0.0,0.46246818,0.16018960790683537,10,0
10,0.0,0.0,0.0,0.0,0.0,0.0,0.3989843,0.20896459669384643,10,0
11,0.0,0.0,0.0,0.0,0.0,0.0,0.43114892,0.2370031545919417,10,0
12,0.0,0.0,0.0,0.0,0.0,0.0,0.41829512,0.0957068861005391,10,0
13,0.0,0.0,0.0,0.0,0.0,0.0,0.39261034,0.15063421150215922,10,0
14,0.0,0.0,0.0,0.0,0.0,0.0,0.42638487,0.31504043387143515,10,0
15,0.0,0.0,0.0,0.0,0.0,0.0,0.43906516,0.153878020608515,10,0
16,0.1,1.0,0.18181818181818182,0.6309297535714575,1.0,0.5,0.37733036,0.20520919386017641,10,1
17,0.0,0.0,0.0,0.0,0.0,0.0,0.4260076,0.1238612759353824,10,0
18,0.0,0.0,0.0,0.0,0.0,0.0,0.38287553,0.14206890948883172,10,0
19,0.0,0.0,0.0,0.0,0.0,0.0,0.37880537,0.24626421834076523,10,0
20,0.0,0.0,0.0,0.0,0.0,0.0,0.45640105,0.1311065262507741,10,0
21,0.0,0.0,0.0,0.0,0.0,0.0,0.48625022,0.3236874436147419,10,0
22,0.0,0.0,0.0,0.0,0.0,0.0,0.37141186,0.19488012423722925,10,0
23,0.0,0.0,0.0,0.0,0.0,0.0,0.3760592,0.2840869419143509,10,0
24,0.0,0.0,0.0,0.0,0.0,0.0,0.38355333,0.11077307886415592,10,0
25,0.0,0.0,0.0,0.0,0.0,0.0,0.35954314,0.2895208328053364,10,0
26,0.0,0.0,0.0,0.0,0.0,0.0,0.40880427,0.07690177858041043,10,0
27,0.1,1.0,0.18181818181818182,1.0,1.0,1.0,0.3901389,0.12359370689291271,10,1
28,0.0,0.0,0.0,0.0,0.0,0.0,0.36535847,0.34859091976498524,10,0
29,0.0,0.0,0.0,0.0,0.0,0.0,0.4630925,0.23927976804288226,10,0
30,0.0,0.0,0.0,0.0,0.0,0.0,0.35037237,0.13411206045482854,10,0
31,0.0,0.0,0.0,0.0,0.0,0.0,0.44264385,0.24179897810357592,10,0
32,0.0,0.0,0.0,0.0,0.0,0.0,0.43989235,0.2722064884549541,10,0
33,0.0,0.0,0.0,0.0,0.0,0.0,0.38707945,0.20552842396383292,10,0
34,0.0,0.0,0.0,0.0,0.0,0.0,0.42555788,0.21279378669603588,10,0
35,0.0,0.0,0.0,0.0,0.0,0.0,0.4148362,0.3376886910657402,10,0
36,0.0,0.0,0.0,0.0,0.0,0.0,0.34962597,0.23271421821763472,10,0
37,0.0,0.0,0.0,0.0,0.0,0.0,0.43078253,0.2458221493500483,10,0
38,0.0,0.0,0.0,0.0,0.0,0.0,0.39203808,0.20359159835519486,10,0
39,0.0,0.0,0.0,0.0,0.0,0.0,0.3861659,0.38823382243654503,10,0
40,0.0,0.0,0.0,0.0,0.0,0.0,0.45357975,0.13967755162718962,10,0
41,0.0,0.0,0.0,0.0,0.0,0.0,0.38780192,0.19894997997944017,10,0
42,0.0,0.0,0.0,0.0,0.0,0.0,0.42979705,0.2303348613261896,10,0
43,0.0,0.0,0.0,0.0,0.0,0.0,0.38074815,0.2902171954949175,10,0
44,0.0,0.0,0.0,0.0,0.0,0.0,0.38810813,0.24612368728309023,10,0
45,0.0,0.0,0.0,0.0,0.0,0.0,0.43768042,0.42858217165102663,10,0
46,0.0,0.0,0.0,0.0,0.0,0.0,0.35151976,0.1857814864620016,10,0
47,0.0,0.0,0.0,0.0,0.0,0.0,0.40059805,0.13613694264863857,10,0
48,0.0,0.0,0.0,0.0,0.0,0.0,0.396803,0.2563188611608133,10,0
49,0.0,0.0,0.0,0.0,0.0,0.0,0.4141458,0.5271850561068556,10,0
50,0.0,0.0,0.0,0.0,0.0,0.0,0.3774128,0.32144296698484026,10,0
51,0.0,0.0,0.0,0.0,0.0,0.0,0.41206884,0.20789967302501006,10,0
52,0.0,0.0,0.0,0.0,0.0,0.0,0.41859695,0.2826669656710898,10,0
53,0.0,0.0,0.0,0.0,0.0,0.0,0.39026693,0.1587992401734331,10,0
54,0.0,0.0,0.0,0.0,0.0,0.0,0.40824848,0.16925738122282877,10,0
55,0.0,0.0,0.0,0.0,0.0,0.0,0.39862743,0.13338579805749493,10,0
56,0.0,0.0,0.0,0.0,0.0,0.0,0.42221582,0.16862214166285944,10,0
57,0.0,0.0,0.0,0.0,0.0,0.0,0.372927,0.1287275781955115,10,0
58,0.0,0.0,0.0,0.0,0.0,0.0,0.4184254,0.33045405081966717,10,0
59,0.0,0.0,0.0,0.0,0.0,0.0,0.43261892,0.09339111728242137,10,0
60,0.0,0.0,0.0,0.0,0.0,0.0,0.42137855,0.17124255112936773,10,0
61,0.0,0.0,0.0,0.0,0.0,0.0,0.3994048,0.2672140889197475,10,0
62,0.0,0.0,0.0,0.0,0.0,0.0,0.38237274,0.1624326340113969,10,0
63,0.0,0.0,0.0,0.0,0.0,0.0,0.40506923,0.1123172209926551,10,0
64,0.0,0.0,0.0,0.0,0.0,0.0,0.40605748,0.2780571727372518,10,0
65,0.0,0.0,0.0,0.0,0.0,0.0,0.38352665,0.1258995821999882,10,0
66,0.0,0.0,0.0,0.0,0.0,0.0,0.4270758,0.24048912980311296,10,0
67,0.0,0.0,0.0,0.0,0.0,0.0,0.4074263,0.11431911894338107,10,0
68,0.0,0.0,0.0,0.0,0.0,0.0,0.425155,0.17188909451203233,10,0
69,0.0,0.0,0.0,0.0,0.0,0.0,0.39000964,0.22016104109300247,10,0
70,0.1,1.0,0.18181818181818182,0.3562071871080222,1.0,0.16666666666666666,0.3762753,0.3560801269227962,10,1
71,0.1,1.0,0.18181818181818182,0.43067655807339306,1.0,0.25,0.37679595,0.14749249869337025,10,1
72,0.1,1.0,0.18181818181818182,0.2890648263178879,1.0,0.1,0.38483784,0.21409960176928725,10,1
73,0.0,0.0,0.0,0.0,0.0,0.0,0.42937988,0.16542214147161208,10,0
74,0.0,0.0,0.0,0.0,0.0,0.0,0.4241084,0.35919776352847455,10,0
75,0.0,0.0,0.0,0.0,0.0,0.0,0.39648065,0.408652563870313,10,0
76,0.1,1.0,0.18181818181818182,1.0,1.0,1.0,0.39637926,0.2467270246500016,10,1
77,0.1,1.0,0.18181818181818182,0.2890648263178879,1.0,0.1,0.40317306,0.40939467481037684,10,1
78,0.0,0.0,0.0,0.0,0.0,0.0,0.45202103,0.24108898504310083,10,0
79,0.0,0.0,0.0,0.0,0.0,0.0,0.409256,0.15084057885114088,10,0
80,0.1,1.0,0.18181818181818182,0.5,1.0,0.3333333333333333,0.38387924,0.3826264742503036,10,1
81,0.0,0.0,0.0,0.0,0.0,0.0,0.38747114,0.19201950347280744,10,0
82,0.1,1.0,0.18181818181818182,0.3562071871080222,1.0,0.16666666666666666,0.450774,0.3128039720340924,10,1
83,0.1,1.0,0.18181818181818182,0.6309297535714575,1.0,0.5,0.39163917,0.25136251904553575,10,1
84,0.0,0.0,0.0,0.0,0.0,0.0,0.43015146,0.2733438078368037,10,0
85,0.0,0.0,0.0,0.0,0.0,0.0,0.35203356,0.2621042937758428,10,0
86,0.0,0.0,0.0,0.0,0.0,0.0,0.37494853,0.2355805293669512,10,0
87,0.0,0.0,0.0,0.0,0.0,0.0,0.49251327,0.369203881850434,10,0
88,0.0,0.0,0.0,0.0,0.0,0.0,0.38945198,0.2744233540594184,10,0
89,0.0,0.0,0.0,0.0,0.0,0.0,0.40361893,0.14853636907748272,10,0
90,0.0,0.0,0.0,0.0,0.0,0.0,0.39006674,0.2036774096550605,10,0
91,0.0,0.0,0.0,0.0,0.0,0.0,0.39583948,0.29364757936805275,10,0
92,0.0,0.0,0.0,0.0,0.0,0.0,0.42177442,0.27594585261648896,10,0
93,0.0,0.0,0.0,0.0,0.0,0.0,0.40693203,0.1655307147711076,10,0
94,0.0,0.0,0.0,0.0,0.0,0.0,0.4727314,0.40076289613648236,10,0
95,0.0,0.0,0.0,0.0,0.0,0.0,0.3821036,0.16771054951895933,10,0
96,0.0,0.0,0.0,0.0,0.0,0.0,0.41290364,0.4824125671863825,10,0
97,0.1,1.0,0.18181818181818182,0.38685280723454163,1.0,0.2,0.41475448,0.20408067234897534,10,1
98,0.0,0.0,0.0,0.0,0.0,0.0,0.38869777,0.27962475793910785,10,0
99,0.0,0.0,0.0,0.0,0.0,0.0,0.4053661,0.25012032665457246,10,0
100,0.0,0.0,0.0,0.0,0.0,0.0,0.39261967,0.18126794417970765,10,0
101,0.0,0.0,0.0,0.0,0.0,0.0,0.42447644,0.1884229895852787,10,0
102,0.0,0.0,0.0,0.0,0.0,0.0,0.3360456,0.1298678892513422,10,0
103,0.0,0.0,0.0,0.0,0.0,0.0,0.4027447,0.28951154887061215,10,0
104,0.0,0.0,0.0,0.0,0.0,0.0,0.3703599,0.204077239988054,10,0
105,0.0,0.0,0.0,0.0,0.0,0.0,0.4708165,0.2536172058743576,10,0
106,0.0,0.0,0.0,0.0,0.0,0.0,0.4308527,0.2636231385814279,10,0
107,0.0,0.0,0.0,0.0,0.0,0.0,0.37112275,0.2924416279028897,10,0
108,0.0,0.0,0.0,0.0,0.0,0.0,0.38382432,0.3784447379800313,10,0
109,0.0,0.0,0.0,0.0,0.0,0.0,0.46747035,0.40538215956122087,10,0
110,0.0,0.0,0.0,0.0,0.0,0.0,0.3941031,0.4927146658884326,10,0
111,0.0,0.0,0.0,0.0,0.0,0.0,0.46198964,0.17766873815756412,10,0
112,0.0,0.0,0.0,0.0,0.0,0.0,0.42936596,0.2815400803865499,10,0
113,0.0,0.0,0.0,0.0,0.0,0.0,0.37576854,0.298046172197024,10,0
114,0.0,0.0,0.0,0.0,0.0,0.0,0.44370896,0.3070596901167029,10,0
115,0.1,1.0,0.18181818181818182,0.2890648263178879,1.0,0.1,0.5092869,0.39429425985689387,10,1
116,0.0,0.0,0.0,0.0,0.0,0.0,0.38899213,0.10043430814889813,10,0
117,0.0,0.0,0.0,0.0,0.0,0.0,0.41588393,0.17831899094202389,10,0
118,0.0,0.0,0.0,0.0,0.0,0.0,0.38609987,0.1357568552662201,10,0
119,0.0,0.0,0.0,0.0,0.0,0.0,0.3969512,0.21838392984227148,10,0
120,0.0,0.0,0.0,0.0,0.0,0.0,0.40132278,0.15170705135051002,10,0
121,0.0,0.0,0.0,0.0,0.0,0.0,0.40284988,0.20470880136940312,10,0
122,0.0,0.0,0.0,0.0,0.0,0.0,0.43258587,0.08659075580013002,10,0
123,0.0,0.0,0.0,0.0,0.0,0.0,0.38573146,0.2590132829561947,10,0
124,0.0,0.0,0.0,0.0,0.0,0.0,0.3794716,0.21302852292284252,10,0
125,0.0,0.0,0.0,0.0,0.0,0.0,0.48187056,0.3378075835972682,10,0
126,0.0,0.0,0.0,0.0,0.0,0.0,0.39499414,0.1672339460903384,10,0
127,0.0,0.0,0.0,0.0,0.0,0.0,0.40431374,0.1474305656701219,10,0
128,0.1,1.0,0.18181818181818182,0.3333333333333333,1.0,0.14285714285714285,0.37512943,0.2539049611965142,10,1
129,0.0,0.0,0.0,0.0,0.0,0.0,0.39266217,0.2798613927863943,10,0
130,0.0,0.0,0.0,0.0,0.0,0.0,0.40939695,0.24422992356676243,10,0
131,0.0,0.0,0.0,0.0,0.0,0.0,0.36542112,0.38965929932732746,10,0
132,0.0,0.0,0.0,0.0,0.0,0.0,0.4323532,0.3033032887516892,10,0
133,0.0,0.0,0.0,0.0,0.0,0.0,0.39612007,0.2369957475255969,10,0
134,0.0,0.0,0.0,0.0,0.0,0.0,0.39818183,0.2860104801742951,10,0
135,0.0,0.0,0.0,0.0,0.0,0.0,0.38054457,0.14496603115839496,10,0
136,0.0,0.0,0.0,0.0,0.0,0.0,0.41091165,0.09696898094218867,10,0
137,0.0,0.0,0.0,0.0,0.0,0.0,0.42609996,0.29033451806843774,10,0
138,0.0,0.0,0.0,0.0,0.0,0.0,0.4795531,0.31056875390641087,10,0
139,0.0,0.0,0.0,0.0,0.0,0.0,0.44201952,0.3558555669050222,10,0
140,0.0,0.0,0.0,0.0,0.0,0.0,0.3614332,0.3286644978002765,10,0
141,0.0,0.0,0.0,0.0,0.0,0.0,0.45209855,0.35039587100103275,10,0
142,0.0,0.0,0.0,0.0,0.0,0.0,0.38118994,0.19102651568245524,10,0
143,0.0,0.0,0.0,0.0,0.0,0.0,0.45062664,0.3146019350130028,10,0
144,0.0,0.0,0.0,0.0,0.0,0.0,0.43267077,0.22287011345473218,10,0
145,0.0,0.0,0.0,0.0,0.0,0.0,0.36943066,0.3920102112408981,10,0
146,0.0,0.0,0.0,0.0,0.0,0.0,0.46446598,0.22097798707492214,10,0
147,0.0,0.0,0.0,0.0,0.0,0.0,0.4014408,0.510124115936939,10,0
148,0.0,0.0,0.0,0.0,0.0,0.0,0.36816534,0.22985876433316008,10,0
149,0.0,0.0,0.0,0.0,0.0,0.0,0.3620401,0.08367941256010791,10,0
150,0.0,0.0,0.0,0.0,0.0,0.0,0.3788428,0.22344856921114536,10,0
151,0.0,0.0,0.0,0.0,0.0,0.0,0.39651728,0.21048500600929324,10,0
152,0.0,0.0,0.0,0.0,0.0,0.0,0.3880578,0.3503000200446791,10,0
153,0.0,0.0,0.0,0.0,0.0,0.0,0.3754096,0.4536494462265129,10,0
154,0.0,0.0,0.0,0.0,0.0,0.0,0.35401693,0.3028927265741285,10,0
155,0.0,0.0,0.0,0.0,0.0,0.0,0.36585605,0.208679795857533,10,0
156,0.0,0.0,0.0,0.0,0.0,0.0,0.39697167,0.30190300465007286,10,0
157,0.0,0.0,0.0,0.0,0.0,0.0,0.44085583,0.3348499888895019,10,0
158,0.0,0.0,0.0,0.0,0.0,0.0,0.42758772,0.24857896737400953,10,0
159,0.0,0.0,0.0,0.0,0.0,0.0,0.38554806,0.16994254353410057,10,0
160,0.1,1.0,0.18181818181818182,1.0,1.0,1.0,0.37807843,0.2675389091717749,10,1
161,0.0,0.0,0.0,0.0,0.0,0.0,0.43493742,0.142847672553785,10,0
162,0.1,1.0,0.18181818181818182,0.43067655807339306,1.0,0.25,0.3796458,0.2105285602610465,10,1
163,0.0,0.0,0.0,0.0,0.0,0.0,0.3836506,0.2051542654518146,10,0
164,0.0,0.0,0.0,0.0,0.0,0.0,0.3661564,0.267379769632918,10,0
165,0.0,0.0,0.0,0.0,0.0,0.0,0.42643726,0.3535330022965642,10,0
166,0.0,0.0,0.0,0.0,0.0,0.0,0.3532398,0.20062619428489886,10,0
167,0.0,0.0,0.0,0.0,0.0,0.0,0.43879235,0.18361324662892214,10,0
168,0.0,0.0,0.0,0.0,0.0,0.0,0.4634752,0.3037876601370935,10,0
169,0.0,0.0,0.0,0.0,0.0,0.0,0.37057924,0.22022593978672536,10,0
170,0.0,0.0,0.0,0.0,0.0,0.0,0.3620736,0.14420637499762687,10,0
171,0.0,0.0,0.0,0.0,0.0,0.0,0.4773935,0.5820509910237859,10,0
172,0.0,0.0,0.0,0.0,0.0,0.0,0.4766393,0.49361148530159527,10,0
173,0.0,0.0,0.0,0.0,0.0,0.0,0.36227626,0.13720504038085862,10,0
174,0.0,0.0,0.0,0.0,0.0,0.0,0.40968013,0.39416921356170437,10,0
175,0.0,0.0,0.0,0.0,0.0,0.0,0.37748417,0.166535050214617,10,0
176,0.0,0.0,0.0,0.0,0.0,0.0,0.4261502,0.3456328421987256,10,0
177,0.0,0.0,0.0,0.0,0.0,0.0,0.39908633,0.3452666836798476,10,0
178,0.0,0.0,0.0,0.0,0.0,0.0,0.39819646,0.22285295031582705,10,0
179,0.0,0.0,0.0,0.0,0.0,0.0,0.4492975,0.2294810403585723,10,0
180,0.0,0.0,0.0,0.0,0.0,0.0,0.3828405,0.45756686634528354,10,0
181,0.0,0.0,0.0,0.0,0.0,0.0,0.42707443,0.3562732088812265,10,0
182,0.0,0.0,0.0,0.0,0.0,0.0,0.4428115,0.28579769675742706,10,0
183,0.0,0.0,0.0,0.0,0.0,0.0,0.37248012,0.21327904767009329,10,0
184,0.0,0.0,0.0,0.0,0.0,0.0,0.43400684,0.3548164489762978,10,0
185,0.0,0.0,0.0,0.0,0.0,0.0,0.4250457,0.20281225452078608,10,0
186,0.0,0.0,0.0,0.0,0.0,0.0,0.3757255,0.444777608675631,10,0
187,0.0,0.0,0.0,0.0,0.0,0.0,0.4278193,0.18894930090488166,10,0
188,0.0,0.0,0.0,0.0,0.0,0.0,0.39723295,0.2861195402139412,10,0
189,0.0,0.0,0.0,0.0,0.0,0.0,0.45259196,0.26396306732905844,10,0
190,0.0,0.0,0.0,0.0,0.0,0.0,0.41001824,0.28673830643074555,10,0
191,0.0,0.0,0.0,0.0,0.0,0.0,0.4114343,0.09340256957764233,10,0
192,0.1,1.0,0.18181818181818182,0.3562071871080222,1.0,0.16666666666666666,0.3639394,0.2401958728100441,10,1
193,0.0,0.0,0.0,0.0,0.0,0.0,0.36666998,0.2073292367926843,10,0
194,0.0,0.0,0.0,0.0,0.0,0.0,0.42920685,0.4009009269439584,10,0
195,0.0,0.0,0.0,0.0,0.0,0.0,0.41898423,0.22677928735277283,10,0
196,0.0,0.0,0.0,0.0,0.0,0.0,0.4387933,0.2615079983527936,10,0
197,0.1,1.0,0.18181818181818182,0.2890648263178879,1.0,0.1,0.37685898,0.4194184422634759,10,1
198,0.0,0.0,0.0,0.0,0.0,0.0,0.3786276,0.15718914870671163,10,0
199,0.0,0.0,0.0,0.0,0.0,0.0,0.441161,0.3007210444665236,10,0
200,0.0,0.0,0.0,0.0,0.0,0.0,0.39175153,0.2302000035106385,10,0
201,0.0,0.0,0.0,0.0,0.0,0.0,0.3629382,0.2083581736867167,10,0
202,0.0,0.0,0.0,0.0,0.0,0.0,0.4479689,0.23201123525791162,10,0
203,0.0,0.0,0.0,0.0,0.0,0.0,0.41266742,0.2658251119669773,10,0
204,0.0,0.0,0.0,0.0,0.0,0.0,0.41777954,0.3658903019829414,10,0
205,0.0,0.0,0.0,0.0,0.0,0.0,0.3607804,0.2007739843783165,10,0
206,0.1,1.0,0.18181818181818182,0.5,1.0,0.3333333333333333,0.46941513,0.35260251634744977,10,1
207,0.0,0.0,0.0,0.0,0.0,0.0,0.38143185,0.20318317604774555,10,0
208,0.0,0.0,0.0,0.0,0.0,0.0,0.35642946,0.09148008705833703,10,0
209,0.0,0.0,0.0,0.0,0.0,0.0,0.4150463,0.18281465888122667,10,0
210,0.0,0.0,0.0,0.0,0.0,0.0,0.39127213,0.34923539205490295,10,0
211,0.0,0.0,0.0,0.0,0.0,0.0,0.46589342,0.5464360916771938,10,0
212,0.0,0.0,0.0,0.0,0.0,0.0,0.3974604,0.29914569236336347,10,0
213,0.0,0.0,0.0,0.0,0.0,0.0,0.45987168,0.21427195356073286,10,0
214,0.0,0.0,0.0,0.0,0.0,0.0,0.45422825,0.4203122527188755,10,0
215,0.0,0.0,0.0,0.0,0.0,0.0,0.39086068,0.33400763600874794,10,0
216,0.0,0.0,0.0,0.0,0.0,0.0,0.45871434,0.16848065186686084,10,0
217,0.0,0.0,0.0,0.0,0.0,0.0,0.41710418,0.4544624814019348,10,0
218,0.0,0.0,0.0,0.0,0.0,0.0,0.3915771,0.1677111372055972,10,0
219,0.0,0.0,0.0,0.0,0.0,0.0,0.37877747,0.2683684188855482,10,0
220,0.0,0.0,0.0,0.0,0.0,0.0,0.43172827,0.48054585862133764,10,0
221,0.0,0.0,0.0,0.0,0.0,0.0,0.46110082,0.37616905029603503,10,0
222,0.1,1.0,0.18181818181818182,0.43067655807339306,1.0,0.25,0.3719125,0.2866501108791525,10,1
223,0.0,0.0,0.0,0.0,0.0,0.0,0.42549223,0.2398871356975313,10,0
224,0.0,0.0,0.0,0.0,0.0,0.0,0.38729227,0.19588184589295263,10,0
225,0.0,0.0,0.0,0.0,0.0,0.0,0.39530215,0.18206175067750613,10,0
226,0.0,0.0,0.0,0.0,0.0,0.0,0.39334306,0.15410133401169332,10,0
227,0.0,0.0,0.0,0.0,0.0,0.0,0.3949321,0.3479641466477622,10,0
228,0.0,0.0,0.0,0.0,0.0,0.0,0.41059843,0.17609057822308874,10,0
229,0.0,0.0,0.0,0.0,0.0,0.0,0.39170498,0.14868025396689663,10,0
230,0.0,0.0,0.0,0.0,0.0,0.0,0.38602537,0.18148406686249566,10,0
231,0.0,0.0,0.0,0.0,0.0,0.0,0.3675257,0.180131624975251,10,0
232,0.0,0.0,0.0,0.0,0.0,0.0,0.4352889,0.22527026115018406,10,0
233,0.0,0.0,0.0,0.0,0.0,0.0,0.35452273,0.3192060699124556,10,0
234,0.0,0.0,0.0,0.0,0.0,0.0,0.37707,0.3658593646968676,10,0
235,0.0,0.0,0.0,0.0,0.0,0.0,0.37582043,0.18977467734093167,10,0
236,0.1,1.0,0.18181818181818182,0.6309297535714575,1.0,0.5,0.47500864,0.1825457993502381,10,1
237,0.1,1.0,0.18181818181818182,0.3562071871080222,1.0,0.16666666666666666,0.42033234,0.21997600800659428,10,1
238,0.0,0.0,0.0,0.0,0.0,0.0,0.3475006,0.12025009366235846,10,0
239,0.0,0.0,0.0,0.0,0.0,0.0,0.3829206,0.2062225724206062,10,0
240,0.0,0.0,0.0,0.0,0.0,0.0,0.387075,0.32470764849458644,10,0
241,0.0,0.0,0.0,0.0,0.0,0.0,0.5019158,0.23578461600846837,10,0
242,0.0,0.0,0.0,0.0,0.0,0.0,0.3713906,0.33406747438995765,10,0
243,0.1,1.0,0.18181818181818182,0.3010299956639812,1.0,0.1111111111111111,0.4013471,0.19115360487528915,10,1
244,0.0,0.0,0.0,0.0,0.0,0.0,0.42739257,0.320357325788981,10,0
245,0.0,0.0,0.0,0.0,0.0,0.0,0.4869396,0.36161869845098693,10,0
246,0.0,0.0,0.0,0.0,0.0,0.0,0.41813138,0.3132980787740207,10,0
247,0.0,0.0,0.0,0.0,0.0,0.0,0.34829518,0.18055364043027033,10,0
248,0.0,0.0,0.0,0.0,0.0,0.0,0.4012365,0.33816989844527556,10,0
249,0.0,0.0,0.0,0.0,0.0,0.0,0.39936078,0.15895577026962257,10,0
250,0.1,1.0,0.18181818181818182,0.3333333333333333,1.0,0.14285714285714285,0.39682087,0.31942898075499954,10,1
251,0.0,0.0,0.0,0.0,0.0,0.0,0.46048424,0.252346517574607,10,0
252,0.0,0.0,0.0,0.0,0.0,0.0,0.40771887,0.2521635607931758,10,0
253,0.0,0.0,0.0,0.0,0.0,0.0,0.4291782,0.2348877192216065,10,0
254,0.0,0.0,0.0,0.0,0.0,0.0,0.445821,0.30004027358449836,10,0
255,0.0,0.0,0.0,0.0,0.0,0.0,0.5021427,0.18064783648054447,10,0
256,0.0,0.0,0.0,0.0,0.0,0.0,0.42086157,0.13257594889505347,10,0
257,0.0,0.0,0.0,0.0,0.0,0.0,0.462415,0.2513288559178738,10,0
258,0.0,0.0,0.0,0.0,0.0,0.0,0.4711032,0.2527919129327044,10,0
259,0.0,0.0,0.0,0.0,0.0,0.0,0.35103044,0.3100259567132916,10,0
260,0.0,0.0,0.0,0.0,0.0,0.0,0.39293036,0.25863347021390337,10,0
261,0.0,0.0,0.0,0.0,0.0,0.0,0.4138883,0.28511146496491924,10,0
262,0.0,0.0,0.0,0.0,0.0,0.0,0.39064077,0.2868472541821186,10,0
263,0.1,1.0,0.18181818181818182,1.0,1.0,1.0,0.44556338,0.33345190364157407,10,1
264,0.0,0.0,0.0,0.0,0.0,0.0,0.4144181,0.3503756661910444,10,0
265,0.0,0.0,0.0,0.0,0.0,0.0,0.38870087,0.25896197698609386,10,0
266,0.0,0.0,0.0,0.0,0.0,0.0,0.3937123,0.22511842166631713,10,0
267,0.0,0.0,0.0,0.0,0.0,0.0,0.40259892,0.3679964730888289,10,0
268,0.1,1.0,0.18181818181818182,0.43067655807339306,1.0,0.25,0.4242788,0.30314883733609754,10,1
269,0.0,0.0,0.0,0.0,0.0,0.0,0.33776766,0.16963236493929107,10,0
270,0.1,1.0,0.18181818181818182,0.5,1.0,0.3333333333333333,0.39133954,0.20836674969767036,10,1
271,0.0,0.0,0.0,0.0,0.0,0.0,0.44672915,0.28243429204113946,10,0
272,0.0,0.0,0.0,0.0,0.0,0.0,0.41007662,0.22109881732888875,10,0
273,0.0,0.0,0.0,0.0,0.0,0.0,0.4582416,0.23677847008019465,10,0
274,0.0,0.0,0.0,0.0,0.0,0.0,0.45278713,0.3435408203011561,10,0
275,0.0,0.0,0.0,0.0,0.0,0.0,0.38081458,0.23612583944417373,10,0
276,0.0,0.0,0.0,0.0,0.0,0.0,0.37250268,0.18637957381283865,10,0
277,0.1,1.0,0.18181818181818182,0.5,1.0,0.3333333333333333,0.43769515,0.42600033640323,10,1
278,0.0,0.0,0.0,0.0,0.0,0.0,0.45842674,0.15106404218466823,10,0
279,0.0,0.0,0.0,0.0,0.0,0.0,0.44007063,0.23535226679652546,10,0
280,0.0,0.0,0.0,0.0,0.0,0.0,0.42180312,0.5039302992404207,10,0
281,0.0,0.0,0.0,0.0,0.0,0.0,0.352253,0.36009373232892933,10,0
282,0.0,0.0,0.0,0.0,0.0,0.0,0.46547124,0.32399655379486997,10,0
283,0.0,0.0,0.0,0.0,0.0,0.0,0.43622056,0.38868795560497515,10,0
284,0.1,1.0,0.18181818181818182,0.5,1.0,0.3333333333333333,0.37555858,0.2674030703110102,10,1
285,0.0,0.0,0.0,0.0,0.0,0.0,0.38221538,0.1695949062156771,10,0
286,0.0,0.0,0.0,0.0,0.0,0.0,0.4599958,0.26813202806654035,10,0
287,0.0,0.0,0.0,0.0,0.0,0.0,0.41401726,0.18893637320389428,10,0
288,0.0,0.0,0.0,0.0,0.0,0.0,0.48356327,0.48163222566330266,10,0
289,0.0,0.0,0.0,0.0,0.0,0.0,0.49559924,0.33701975661318323,10,0
290,0.1,1.0,0.18181818181818182,0.3010299956639812,1.0,0.1111111111111111,0.4254054,0.4169833514691474,10,1
291,0.0,0.0,0.0,0.0,0.0,0.0,0.399081,0.33054542535468173,10,0
292,0.0,0.0,0.0,0.0,0.0,0.0,0.47158575,0.4062602980431554,10,0
293,0.0,0.0,0.0,0.0,0.0,0.0,0.3840749,0.23261207194405192,10,0
294,0.0,0.0,0.0,0.0,0.0,0.0,0.46381786,0.13780511643914117,10,0
295,0.1,1.0,0.18181818181818182,1.0,1.0,1.0,0.46535644,0.22973862717720533,10,1
296,0.0,0.0,0.0,0.0,0.0,0.0,0.45100254,0.30255540189105473,10,0
297,0.1,1.0,0.18181818181818182,0.43067655807339306,1.0,0.25,0.38639522,0.2958994971643193,10,1
298,0.1,1.0,0.18181818181818182,0.5,1.0,0.3333333333333333,0.37635192,0.21290691034408873,10,1
299,0.0,0.0,0.0,0.0,0.0,0.0,0.37929085,0.39804058037091145,10,0
300,0.1,1.0,0.18181818181818182,0.3010299956639812,1.0,0.1111111111111111,0.4666406,0.3602345436379936,10,1
301,0.1,1.0,0.18181818181818182,1.0,1.0,1.0,0.44373757,0.14673080868032445,10,1
302,0.0,0.0,0.0,0.0,0.0,0.0,0.42021638,0.36243337258394115,10,0
303,0.0,0.0,0.0,0.0,0.0,0.0,0.42864722,0.2951366366833357,10,0
304,0.0,0.0,0.0,0.0,0.0,0.0,0.4926346,0.3493881627453512,10,0
305,0.0,0.0,0.0,0.0,0.0,0.0,0.41046253,0.2550625744008119,10,0
306,0.0,0.0,0.0,0.0,0.0,0.0,0.38614896,0.3711827421487667,10,0
307,0.0,0.0,0.0,0.0,0.0,0.0,0.35842717,0.1733951922749803,10,0
308,0.0,0.0,0.0,0.0,0.0,0.0,0.3708462,0.18099139355807026,10,0
309,0.0,0.0,0.0,0.0,0.0,0.0,0.38986087,0.26496204722149697,10,0
310,0.0,0.0,0.0,0.0,0.0,0.0,0.38635066,0.315532738749711,10,0
311,0.0,0.0,0.0,0.0,0.0,0.0,0.41955525,0.3012283020746933,10,0
312,0.0,0.0,0.0,0.0,0.0,0.0,0.40478975,0.13098544136988935,10,0
313,0.0,0.0,0.0,0.0,0.0,0.0,0.3854325,0.2825433081302144,10,0
314,0.0,0.0,0.0,0.0,0.0,0.0,0.40058175,0.33686717363853,10,0
315,0.0,0.0,0.0,0.0,0.0,0.0,0.38257653,0.1569770206453903,10,0
316,0.0,0.0,0.0,0.0,0.0,0.0,0.4556428,0.18167279068168157,10,0
317,0.0,0.0,0.0,0.0,0.0,0.0,0.39309227,0.14927570654923752,10,0
318,0.1,1.0,0.18181818181818182,1.0,1.0,1.0,0.36145318,0.19492945893956168,10,1
319,0.0,0.0,0.0,0.0,0.0,0.0,0.3577077,0.2523130846300532,10,0
320,0.0,0.0,0.0,0.0,0.0,0.0,0.35892308,0.12264512701948309,10,0
321,0.0,0.0,0.0,0.0,0.0,0.0,0.39097834,0.32543889615936183,10,0
322,0.0,0.0,0.0,0.0,0.0,0.0,0.38718224,0.3137433704227431,10,0
323,0.0,0.0,0.0,0.0,0.0,0.0,0.3884949,0.2528303275007719,10,0
324,0.0,0.0,0.0,0.0,0.0,0.0,0.35726428,0.42824211707491494,10,0
325,0.0,0.0,0.0,0.0,0.0,0.0,0.3691857,0.17032126081286486,10,0
326,0.0,0.0,0.0,0.0,0.0,0.0,0.39623472,0.24548120177315447,10,0
327,0.0,0.0,0.0,0.0,0.0,0.0,0.38480368,0.18007456902653232,10,0
328,0.0,0.0,0.0,0.0,0.0,0.0,0.41580093,0.2442172291445864,10,0
329,0.0,0.0,0.0,0.0,0.0,0.0,0.40774545,0.245979169564127,10,0
330,0.0,0.0,0.0,0.0,0.0,0.0,0.38137716,0.2852151520889807,10,0
331,0.0,0.0,0.0,0.0,0.0,0.0,0.41753727,0.20832686819757865,10,0
332,0.0,0.0,0.0,0.0,0.0,0.0,0.4054771,0.2150052925425495,10,0
333,0.0,0.0,0.0,0.0,0.0,0.0,0.38217884,0.19096035382576898,10,0
334,0.0,0.0,0.0,0.0,0.0,0.0,0.40492493,0.2210126138022261,10,0
335,0.0,0.0,0.0,0.0,0.0,0.0,0.409321,0.2073121496083214,10,0
336,0.0,0.0,0.0,0.0,0.0,0.0,0.41620827,0.22153919363272861,10,0
337,0.0,0.0,0.0,0.0,0.0,0.0,0.44688186,0.15165504738731456,10,0
338,0.1,1.0,0.18181818181818182,0.6309297535714575,1.0,0.5,0.3756498,0.18582355063786107,10,1
339,0.0,0.0,0.0,0.0,0.0,0.0,0.36511,0.12387745480545753,10,0
340,0.0,0.0,0.0,0.0,0.0,0.0,0.39589372,0.24604097552535703,10,0
341,0.0,0.0,0.0,0.0,0.0,0.0,0.40415928,0.230404657544117,10,0
342,0.0,0.0,0.0,0.0,0.0,0.0,0.4779527,0.2933820572799421,10,0
343,0.0,0.0,0.0,0.0,0.0,0.0,0.4583466,0.21307448780062188,10,0
344,0.0,0.0,0.0,0.0,0.0,0.0,0.3716709,0.32262885661587537,10,0
345,0.0,0.0,0.0,0.0,0.0,0.0,0.39369974,0.3316509421263262,10,0
346,0.0,0.0,0.0,0.0,0.0,0.0,0.40809524,0.25428345628020566,10,0
347,0.0,0.0,0.0,0.0,0.0,0.0,0.38632482,0.15170578790073214,10,0
348,0.0,0.0,0.0,0.0,0.0,0.0,0.34307587,0.23502265443494413,10,0
349,0.0,0.0,0.0,0.0,0.0,0.0,0.41391873,0.1742844038476795,10,0
350,0.0,0.0,0.0,0.0,0.0,0.0,0.46179768,0.4777099828814098,10,0
351,0.0,0.0,0.0,0.0,0.0,0.0,0.40330908,0.2830654706463672,10,0
352,0.0,0.0,0.0,0.0,0.0,0.0,0.3963049,0.18785870260229806,10,0
353,0.0,0.0,0.0,0.0,0.0,0.0,0.41263834,0.441167101492027,10,0
354,0.0,0.0,0.0,0.0,0.0,0.0,0.38749743,0.3870729231992199,10,0
355,0.0,0.0,0.0,0.0,0.0,0.0,0.37672374,0.3444621043186496,10,0
356,0.0,0.0,0.0,0.0,0.0,0.0,0.4431316,0.13069089122112149,10,0
357,0.0,0.0,0.0,0.0,0.0,0.0,0.4233484,0.19286225975370694,10,0
358,0.0,0.0,0.0,0.0,0.0,0.0,0.39014664,0.17640762509505503,10,0
359,0.1,1.0,0.18181818181818182,1.0,1.0,1.0,0.37098765,0.4554428644627498,10,1
360,0.0,0.0,0.0,0.0,0.0,0.0,0.4061,0.14376901593886088,10,0
361,0.1,1.0,0.18181818181818182,0.5,1.0,0.3333333333333333,0.35965484,0.20620457645913942,10,1
362,0.0,0.0,0.0,0.0,0.0,0.0,0.40400746,0.3578568066370371,10,0
363,0.0,0.0,0.0,0.0,0.0,0.0,0.3877352,0.19599246381295182,10,0
364,0.0,0.0,0.0,0.0,0.0,0.0,0.3646485,0.30524010714788863,10,0
365,0.0,0.0,0.0,0.0,0.0,0.0,0.45032257,0.13281842548645387,10,0
366,0.0,0.0,0.0,0.0,0.0,0.0,0.5321441,0.16686140399479896,10,0
367,0.0,0.0,0.0,0.0,0.0,0.0,0.37710008,0.25040159470341283,10,0
368,0.0,0.0,0.0,0.0,0.0,0.0,0.3778662,0.22225714456500825,10,0
369,0.0,0.0,0.0,0.0,0.0,0.0,0.44858342,0.22641850375346467,10,0
370,0.0,0.0,0.0,0.0,0.0,0.0,0.42277092,0.39109169479458716,10,0
371,0.0,0.0,0.0,0.0,0.0,0.0,0.38030002,0.1852342098283568,10,0
372,0.0,0.0,0.0,0.0,0.0,0.0,0.3981309,0.27925279526092783,10,0
373,0.0,0.0,0.0,0.0,0.0,0.0,0.4472301,0.5717975763242439,10,0
374,0.1,1.0,0.18181818181818182,0.2890648263178879,1.0,0.1,0.4466171,0.43861432494246966,10,1
375,0.0,0.0,0.0,0.0,0.0,0.0,0.41118076,0.2360310950404994,10,0
376,0.1,1.0,0.18181818181818182,0.5,1.0,0.3333333333333333,0.35569543,0.4831693761185278,10,1
377,0.0,0.0,0.0,0.0,0.0,0.0,0.3896804,0.2685790875200942,10,0
378,0.0,0.0,0.0,0.0,0.0,0.0,0.4283341,0.35219791844884585,10,0
379,0.0,0.0,0.0,0.0,0.0,0.0,0.44178528,0.23789492978049315,10,0
380,0.0,0.0,0.0,0.0,0.0,0.0,0.42128593,0.21856347846709098,10,0
381,0.0,0.0,0.0,0.0,0.0,0.0,0.445214,0.21808645705992405,10,0
382,0.0,0.0,0.0,0.0,0.0,0.0,0.40901336,0.07165146457710847,10,0
383,0.0,0.0,0.0,0.0,0.0,0.0,0.38048998,0.286477537297719,10,0
384,0.0,0.0,0.0,0.0,0.0,0.0,0.5083481,0.48834041549687346,10,0
385,0.0,0.0,0.0,0.0,0.0,0.0,0.44699967,0.19733370340650147,10,0
386,0.1,1.0,0.18181818181818182,1.0,1.0,1.0,0.3972129,0.2468882775544543,10,1
387,0.0,0.0,0.0,0.0,0.0,0.0,0.39767906,0.19368941934942718,10,0
388,0.1,1.0,0.18181818181818182,0.31546487678572877,1.0,0.125,0.4009488,0.38182291155812137,10,1
389,0.0,0.0,0.0,0.0,0.0,0.0,0.40942773,0.20154415143253263,10,0
390,0.0,0.0,0.0,0.0,0.0,0.0,0.3830765,0.14321129505630079,10,0
391,0.0,0.0,0.0,0.0,0.0,0.0,0.41266614,0.19312864157118934,10,0
392,0.0,0.0,0.0,0.0,0.0,0.0,0.37853333,0.28155647229191383,10,0
393,0.0,0.0,0.0,0.0,0.0,0.0,0.35299024,0.2604912093519827,10,0
394,0.0,0.0,0.0,0.0,0.0,0.0,0.45972505,0.22489343396297964,10,0
395,0.0,0.0,0.0,0.0,0.0,0.0,0.39625397,0.17808530487380683,10,0
396,0.0,0.0,0.0,0.0,0.0,0.0,0.4083545,0.29064435398123756,10,0
397,0.0,0.0,0.0,0.0,0.0,0.0,0.39515817,0.2041010536406418,10,0
398,0.0,0.0,0.0,0.0,0.0,0.0,0.46592078,0.19996352010502533,10,0
399,0.0,0.0,0.0,0.0,0.0,0.0,0.39427504,0.20587884907469825,10,0
400,0.0,0.0,0.0,0.0,0.0,0.0,0.4014496,0.3205800989136714,10,0
401,0.0,0.0,0.0,0.0,0.0,0.0,0.41381845,0.2624165563707271,10,0
402,0.0,0.0,0.0,0.0,0.0,0.0,0.3990559,0.13327616014705973,10,0
403,0.0,0.0,0.0,0.0,0.0,0.0,0.3573167,0.3000192113039325,10,0
404,0.0,0.0,0.0,0.0,0.0,0.0,0.37133127,0.2916313088996468,10,0
405,0.0,0.0,0.0,0.0,0.0,0.0,0.36577955,0.19538329186695585,10,0
406,0.0,0.0,0.0,0.0,0.0,0.0,0.41005787,0.19716243110351428,10,0
407,0.0,0.0,0.0,0.0,0.0,0.0,0.4753725,0.33832946799197733,10,0
408,0.0,0.0,0.0,0.0,0.0,0.0,0.37306222,0.1900831340863153,10,0
409,0.0,0.0,0.0,0.0,0.0,0.0,0.42098105,0.1059037368754117,10,0
410,0.0,0.0,0.0,0.0,0.0,0.0,0.41921315,0.18083509517840834,10,0
411,0.0,0.0,0.0,0.0,0.0,0.0,0.38488558,0.23411225567943247,10,0
412,0.0,0.0,0.0,0.0,0.0,0.0,0.39652115,0.2120483340914081,10,0
413,0.0,0.0,0.0,0.0,0.0,0.0,0.45858473,0.1949057904510374,10,0
414,0.0,0.0,0.0,0.0,0.0,0.0,0.44926304,0.21733788485127087,10,0
415,0.0,0.0,0.0,0.0,0.0,0.0,0.38577664,0.056714240648538986,10,0
416,0.0,0.0,0.0,0.0,0.0,0.0,0.42590874,0.32725843410524547,10,0
417,0.0,0.0,0.0,0.0,0.0,0.0,0.4962824,0.2957258821442643,10,0
418,0.0,0.0,0.0,0.0,0.0,0.0,0.4888722,0.29741588984194356,10,0
419,0.0,0.0,0.0,0.0,0.0,0.0,0.39353192,0.31027449192377254,10,0
420,0.0,0.0,0.0,0.0,0.0,0.0,0.36413476,0.20911422584825895,10,0
421,0.0,0.0,0.0,0.0,0.0,0.0,0.44060615,0.15955793867567927,10,0
422,0.0,0.0,0.0,0.0,0.0,0.0,0.40320137,0.2237870442628253,10,0
423,0.1,1.0,0.18181818181818182,0.2890648263178879,1.0,0.1,0.37276238,0.635511701378881,10,1
424,0.0,0.0,0.0,0.0,0.0,0.0,0.38314888,0.30695809169180766,10,0
425,0.0,0.0,0.0,0.0,0.0,0.0,0.41556767,0.3822107241526777,10,0
426,0.0,0.0,0.0,0.0,0.0,0.0,0.41426757,0.1916549713954005,10,0
427,0.0,0.0,0.0,0.0,0.0,0.0,0.4128532,0.4790359128905345,10,0
428,0.0,0.0,0.0,0.0,0.0,0.0,0.44747373,0.23395739760663278,10,0
429,0.0,0.0,0.0,0.0,0.0,0.0,0.3848968,0.2167725772474462,10,0
430,0.0,0.0,0.0,0.0,0.0,0.0,0.41251153,0.27914801120965615,10,0
431,0.0,0.0,0.0,0.0,0.0,0.0,0.4173695,0.3425326620897212,10,0
432,0.0,0.0,0.0,0.0,0.0,0.0,0.43553004,0.163088525477332,10,0
433,0.0,0.0,0.0,0.0,0.0,0.0,0.4455978,0.2790394092737669,10,0
434,0.0,0.0,0.0,0.0,0.0,0.0,0.3897386,0.14561305964104196,10,0
435,0.0,0.0,0.0,0.0,0.0,0.0,0.4043746,0.236672237856059,10,0
436,0.1,1.0,0.18181818181818182,0.5,1.0,0.3333333333333333,0.42664745,0.14981583017601227,10,1
437,0.0,0.0,0.0,0.0,0.0,0.0,0.41414794,0.24845582446193273,10,0
438,0.0,0.0,0.0,0.0,0.0,0.0,0.39610654,0.24702893241933843,10,0
439,0.0,0.0,0.0,0.0,0.0,0.0,0.39426455,0.4834220027634027,10,0
440,0.0,0.0,0.0,0.0,0.0,0.0,0.41077682,0.29360081418794853,10,0
441,0.0,0.0,0.0,0.0,0.0,0.0,0.4404433,0.18764802599675168,10,0
442,0.1,1.0,0.18181818181818182,0.3333333333333333,1.0,0.14285714285714285,0.38485497,0.32834959022303895,10,1
443,0.0,0.0,0.0,0.0,0.0,0.0,0.4176902,0.3698549014071597,10,0
444,0.0,0.0,0.0,0.0,0.0,0.0,0.36496642,0.31575102556698936,10,0
445,0.0,0.0,0.0,0.0,0.0,0.0,0.45611545,0.24539172328292375,10,0
446,0.0,0.0,0.0,0.0,0.0,0.0,0.38983393,0.17547330262778846,10,0
447,0.0,0.0,0.0,0.0,0.0,0.0,0.4601095,0.32420545293393727,10,0
448,0.0,0.0,0.0,0.0,0.0,0.0,0.37744504,0.21762727220794992,10,0
449,0.1,1.0,0.18181818181818182,0.43067655807339306,1.0,0.25,0.4524985,0.2614014895224221,10,1
450,0.0,0.0,0.0,0.0,0.0,0.0,0.4013816,0.10618043182868533,10,0
451,0.0,0.0,0.0,0.0,0.0,0.0,0.4129259,0.23940247947372484,10,0
452,0.0,0.0,0.0,0.0,0.0,0.0,0.4021283,0.157243503780653,10,0
453,0.0,0.0,0.0,0.0,0.0,0.0,0.36999744,0.30261808079741065,10,0
454,0.0,0.0,0.0,0.0,0.0,0.0,0.37824318,0.09635926095646781,10,0
455,0.0,0.0,0.0,0.0,0.0,0.0,0.39710426,0.1815231060756945,10,0
456,0.1,1.0,0.18181818181818182,0.3562071871080222,1.0,0.16666666666666666,0.5014717,0.3513392231344702,10,1
457,0.0,0.0,0.0,0.0,0.0,0.0,0.48023695,0.3498351702646902,10,0
458,0.0,0.0,0.0,0.0,0.0,0.0,0.39458576,0.25511812427175223,10,0
459,0.0,0.0,0.0,0.0,0.0,0.0,0.37583742,0.449727447567766,10,0
460,0.0,0.0,0.0,0.0,0.0,0.0,0.42242977,0.1753381959968081,10,0
461,0.0,0.0,0.0,0.0,0.0,0.0,0.41402298,0.41923857276148757,10,0
462,0.0,0.0,0.0,0.0,0.0,0.0,0.40316036,0.13640868549502905,10,0
463,0.0,0.0,0.0,0.0,0.0,0.0,0.4087617,0.35664496011583935,10,0
464,0.0,0.0,0.0,0.0,0.0,0.0,0.37671763,0.3082458532140147,10,0
465,0.0,0.0,0.0,0.0,0.0,0.0,0.3796512,0.20820343873999364,10,0
466,0.0,0.0,0.0,0.0,0.0,0.0,0.4101205,0.1636371536553934,10,0
467,0.0,0.0,0.0,0.0,0.0,0.0,0.39900035,0.20282199086842745,10,0
468,0.0,0.0,0.0,0.0,0.0,0.0,0.3906833,0.5487499987373508,10,0
469,0.0,0.0,0.0,0.0,0.0,0.0,0.4235846,0.21375036840297756,10,0
470,0.0,0.0,0.0,0.0,0.0,0.0,0.46414465,0.10023934709705724,10,0
471,0.0,0.0,0.0,0.0,0.0,0.0,0.4373472,0.24360226070919228,10,0
472,0.0,0.0,0.0,0.0,0.0,0.0,0.4139821,0.2814633132252002,10,0
473,0.0,0.0,0.0,0.0,0.0,0.0,0.43564758,0.24506931983869223,10,0
474,0.0,0.0,0.0,0.0,0.0,0.0,0.3693964,0.2263299478234316,10,0
475,0.0,0.0,0.0,0.0,0.0,0.0,0.43963933,0.35217100108537025,10,0
476,0.0,0.0,0.0,0.0,0.0,0.0,0.38440174,0.18551553497563394,10,0
477,0.1,1.0,0.18181818181818182,1.0,1.0,1.0,0.3968519,0.29314523956098315,10,1
478,0.0,0.0,0.0,0.0,0.0,0.0,0.36558565,0.26585319005043806,10,0
479,0.0,0.0,0.0,0.0,0.0,0.0,0.46840665,0.2565465576335278,10,0
480,0.0,0.0,0.0,0.0,0.0,0.0,0.38099542,0.28725134239947286,10,0
481,0.0,0.0,0.0,0.0,0.0,0.0,0.40324646,0.13434185032273635,10,0
482,0.0,0.0,0.0,0.0,0.0,0.0,0.4365934,0.17432922183195476,10,0
483,0.0,0.0,0.0,0.0,0.0,0.0,0.38827124,0.1825613049872617,10,0
484,0.0,0.0,0.0,0.0,0.0,0.0,0.3707244,0.15988706124848306,10,0
485,0.0,0.0,0.0,0.0,0.0,0.0,0.41358274,0.12864608425486423,10,0
486,0.0,0.0,0.0,0.0,0.0,0.0,0.39280513,0.4488549329706933,10,0
487,0.0,0.0,0.0,0.0,0.0,0.0,0.38819873,0.10997473054538531,10,0
488,0.1,1.0,0.18181818181818182,0.3562071871080222,1.0,0.16666666666666666,0.48496357,0.36774880957268674,10,1
489,0.1,1.0,0.18181818181818182,0.5,1.0,0.3333333333333333,0.3875476,0.5175689726199137,10,1
490,0.0,0.0,0.0,0.0,0.0,0.0,0.447779,0.24103367868138398,10,0
491,0.0,0.0,0.0,0.0,0.0,0.0,0.38992321,0.25266062621838115,10,0
492,0.0,0.0,0.0,0.0,0.0,0.0,0.34479907,0.23934920926915507,10,0
493,0.0,0.0,0.0,0.0,0.0,0.0,0.4021205,0.15403937562786255,10,0
494,0.0,0.0,0.0,0.0,0.0,0.0,0.424957,0.32758345064740846,10,0
495,0.0,0.0,0.0,0.0,0.0,0.0,0.39067727,0.2018973550632575,10,0
496,0.0,0.0,0.0,0.0,0.0,0.0,0.3702153,0.3301290925133283,10,0
497,0.0,0.0,0.0,0.0,0.0,0.0,0.39967042,0.4027267463978528,10,0
498,0.0,0.0,0.0,0.0,0.0,0.0,0.37589353,0.2209024492666188,10,0
499,0.0,0.0,0.0,0.0,0.0,0.0,0.40823436,0.41054015975513547,10,0
500,0.0,0.0,0.0,0.0,0.0,0.0,0.3529136,0.24754721558638176,10,0
501,0.0,0.0,0.0,0.0,0.0,0.0,0.45720214,0.23378076527338348,10,0
502,0.1,1.0,0.18181818181818182,0.2890648263178879,1.0,0.1,0.38951284,0.19025231974743004,10,1
503,0.0,0.0,0.0,0.0,0.0,0.0,0.52206117,0.4653562413143507,10,0
504,0.0,0.0,0.0,0.0,0.0,0.0,0.44796643,0.3052488253475669,10,0
505,0.0,0.0,0.0,0.0,0.0,0.0,0.42507774,0.2166278874291409,10,0
506,0.0,0.0,0.0,0.0,0.0,0.0,0.3671433,0.2480082708740774,10,0
507,0.0,0.0,0.0,0.0,0.0,0.0,0.37948337,0.3639029667790779,10,0
508,0.0,0.0,0.0,0.0,0.0,0.0,0.38462648,0.25687582985837326,10,0
509,0.1,1.0,0.18181818181818182,1.0,1.0,1.0,0.4183202,0.1450353506447694,10,1
510,0.0,0.0,0.0,0.0,0.0,0.0,0.4560094,0.282199945798129,10,0
511,0.0,0.0,0.0,0.0,0.0,0.0,0.3641465,0.289852819570984,10,0
512,0.0,0.0,0.0,0.0,0.0,0.0,0.39981428,0.23113798947756478,10,0
513,0.0,0.0,0.0,0.0,0.0,0.0,0.41699097,0.30813030318501583,10,0
514,0.0,0.0,0.0,0.0,0.0,0.0,0.43745515,0.2946134057349875,10,0
515,0.0,0.0,0.0,0.0,0.0,0.0,0.39436018,0.2176664122068445,10,0
516,0.0,0.0,0.0,0.0,0.0,0.0,0.4030605,0.5451174653394613,10,0
517,0.0,0.0,0.0,0.0,0.0,0.0,0.38908306,0.11955508972311737,10,0
518,0.0,0.0,0.0,0.0,0.0,0.0,0.37249202,0.2692311042427498,10,0
519,0.0,0.0,0.0,0.0,0.0,0.0,0.41179198,0.2569274891825225,10,0
520,0.0,0.0,0.0,0.0,0.0,0.0,0.46086332,0.23719199866682122,10,0
521,0.0,0.0,0.0,0.0,0.0,0.0,0.40051734,0.28271070246155927,10,0
522,0.0,0.0,0.0,0.0,0.0,0.0,0.48726404,0.3369116772780969,10,0
523,0.0,0.0,0.0,0.0,0.0,0.0,0.46471152,0.07908444075574028,10,0
524,0.0,0.0,0.0,0.0,0.0,0.0,0.38270184,0.2169318056101588,10,0
525,0.0,0.0,0.0,0.0,0.0,0.0,0.3580184,0.11825023880539227,10,0
526,0.0,0.0,0.0,0.0,0.0,0.0,0.4842896,0.3248784503151401,10,0
527,0.0,0.0,0.0,0.0,0.0,0.0,0.39702097,0.17487908800684354,10,0
528,0.0,0.0,0.0,0.0,0.0,0.0,0.38882557,0.19395782457675903,10,0
529,0.0,0.0,0.0,0.0,0.0,0.0,0.43994963,0.28451194099768246,10,0
530,0.0,0.0,0.0,0.0,0.0,0.0,0.31091645,0.1177170499690332,10,0
531,0.0,0.0,0.0,0.0,0.0,0.0,0.39339766,0.19550153380473317,10,0
532,0.0,0.0,0.0,0.0,0.0,0.0,0.45081753,0.3292413802109423,10,0
533,0.0,0.0,0.0,0.0,0.0,0.0,0.39415538,0.38838728890790886,10,0
534,0.0,0.0,0.0,0.0,0.0,0.0,0.41498023,0.44899917312399423,10,0
535,0.0,0.0,0.0,0.0,0.0,0.0,0.37343436,0.3044208072609549,10,0
536,0.0,0.0,0.0,0.0,0.0,0.0,0.39319593,0.26254208778445953,10,0
537,0.0,0.0,0.0,0.0,0.0,0.0,0.3803538,0.281013403596525,10,0
538,0.0,0.0,0.0,0.0,0.0,0.0,0.417873,0.3111760209868222,10,0
539,0.0,0.0,0.0,0.0,0.0,0.0,0.48574308,0.43774452543377124,10,0
540,0.0,0.0,0.0,0.0,0.0,0.0,0.4286159,0.24887487051356202,10,0
541,0.0,0.0,0.0,0.0,0.0,0.0,0.39742115,0.15853650684775572,10,0
542,0.0,0.0,0.0,0.0,0.0,0.0,0.3778505,0.2178414198614842,10,0
543,0.0,0.0,0.0,0.0,0.0,0.0,0.4066307,0.17423205094269764,10,0
544,0.0,0.0,0.0,0.0,0.0,0.0,0.38163188,0.14850342833209193,10,0
545,0.0,0.0,0.0,0.0,0.0,0.0,0.3724251,0.3089257003923147,10,0
546,0.0,0.0,0.0,0.0,0.0,0.0,0.38138005,0.3742603487129529,10,0
547,0.0,0.0,0.0,0.0,0.0,0.0,0.44353044,0.23940922245177026,10,0
548,0.1,1.0,0.18181818181818182,0.3333333333333333,1.0,0.14285714285714285,0.46180978,0.1437655040710558,10,1
549,0.0,0.0,0.0,0.0,0.0,0.0,0.3783471,0.21499725318358323,10,0
550,0.0,0.0,0.0,0.0,0.0,0.0,0.38508424,0.2258018934240889,10,0
551,0.0,0.0,0.0,0.0,0.0,0.0,0.48111686,0.20308893560747734,10,0
552,0.0,0.0,0.0,0.0,0.0,0.0,0.3736938,0.17760384417586117,10,0
553,0.0,0.0,0.0,0.0,0.0,0.0,0.46056032,0.10561039762127411,10,0
554,0.0,0.0,0.0,0.0,0.0,0.0,0.39557576,0.417641662358441,10,0
555,0.1,1.0,0.18181818181818182,0.31546487678572877,1.0,0.125,0.48966938,0.3198006960380172,10,1
556,0.0,0.0,0.0,0.0,0.0,0.0,0.41526452,0.28825481964488553,10,0
557,0.0,0.0,0.0,0.0,0.0,0.0,0.47586682,0.3470376499421648,10,0
558,0.0,0.0,0.0,0.0,0.0,0.0,0.39497134,0.20380707846226845,10,0
559,0.0,0.0,0.0,0.0,0.0,0.0,0.39653286,0.2344107159822711,10,0
560,0.1,1.0,0.18181818181818182,1.0,1.0,1.0,0.40634775,0.4589940228509161,10,1
561,0.0,0.0,0.0,0.0,0.0,0.0,0.37120807,0.1803210897660435,10,0
562,0.1,1.0,0.18181818181818182,1.0,1.0,1.0,0.40375993,0.3971721548372543,10,1
563,0.0,0.0,0.0,0.0,0.0,0.0,0.39923498,0.12236023012027405,10,0
564,0.0,0.0,0.0,0.0,0.0,0.0,0.3910156,0.1854997369198692,10,0
565,0.1,1.0,0.18181818181818182,0.43067655807339306,1.0,0.25,0.36917365,0.22445990296742818,10,1
566,0.0,0.0,0.0,0.0,0.0,0.0,0.4430021,0.3043728919491202,10,0
567,0.0,0.0,0.0,0.0,0.0,0.0,0.373661,0.35098103598315245,10,0
568,0.0,0.0,0.0,0.0,0.0,0.0,0.50317425,0.12646586737804827,10,0
569,0.0,0.0,0.0,0.0,0.0,0.0,0.4292424,0.10803337778288072,10,0
570,0.1,1.0,0.18181818181818182,0.5,1.0,0.3333333333333333,0.39701742,0.23052434522095702,10,1
571,0.0,0.0,0.0,0.0,0.0,0.0,0.47800314,0.27279494903780555,10,0
572,0.0,0.0,0.0,0.0,0.0,0.0,0.42940602,0.2466277888421306,10,0
573,0.0,0.0,0.0,0.0,0.0,0.0,0.41476843,0.31541828555809,10,0
574,0.0,0.0,0.0,0.0,0.0,0.0,0.37285373,0.31742787747740053,10,0
575,0.0,0.0,0.0,0.0,0.0,0.0,0.45374742,0.35249532636036707,10,0
576,0.0,0.0,0.0,0.0,0.0,0.0,0.4204311,0.19238527110132483,10,0
577,0.0,0.0,0.0,0.0,0.0,0.0,0.45819917,0.18930169340089992,10,0
578,0.0,0.0,0.0,0.0,0.0,0.0,0.37954703,0.4160935109548906,10,0
579,0.0,0.0,0.0,0.0,0.0,0.0,0.38012838,0.23710387122761958,10,0
580,0.1,1.0,0.18181818181818182,0.38685280723454163,1.0,0.2,0.42833188,0.2649406121019068,10,1
581,0.0,0.0,0.0,0.0,0.0,0.0,0.44220504,0.14122406170938984,10,0
582,0.0,0.0,0.0,0.0,0.0,0.0,0.40000004,0.3508739541837058,10,0
583,0.1,1.0,0.18181818181818182,0.6309297535714575,1.0,0.5,0.3979208,0.13221978521575667,10,1
584,0.0,0.0,0.0,0.0,0.0,0.0,0.3850156,0.24443543132239293,10,0
585,0.0,0.0,0.0,0.0,0.0,0.0,0.397047,0.17505790993492135,10,0
586,0.1,1.0,0.18181818181818182,0.5,1.0,0.3333333333333333,0.4022096,0.32205451108418687,10,1
587,0.0,0.0,0.0,0.0,0.0,0.0,0.36596778,0.24661673027572348,10,0
588,0.1,1.0,0.18181818181818182,0.43067655807339306,1.0,0.25,0.37041816,0.13639395722028738,10,1
589,0.0,0.0,0.0,0.0,0.0,0.0,0.4080364,0.1793285377538197,10,0
590,0.1,1.0,0.18181818181818182,0.3010299956639812,1.0,0.1111111111111111,0.34937555,0.15142467664539652,10,1
591,0.1,1.0,0.18181818181818182,0.43067655807339306,1.0,0.25,0.45681238,0.2347729093680469,10,1
592,0.0,0.0,0.0,0.0,0.0,0.0,0.45219395,0.21332759248216088,10,0
593,0.0,0.0,0.0,0.0,0.0,0.0,0.3858506,0.17835716404000995,10,0
594,0.0,0.0,0.0,0.0,0.0,0.0,0.4011129,0.1916147503856463,10,0
595,0.0,0.0,0.0,0.0,0.0,0.0,0.48341128,0.18364145299986276,10,0
596,0.0,0.0,0.0,0.0,0.0,0.0,0.3706156,0.27135817523357203,10,0
597,0.0,0.0,0.0,0.0,0.0,0.0,0.38273185,0.43819898791313683,10,0
598,0.1,1.0,0.18181818181818182,0.2890648263178879,1.0,0.1,0.4354704,0.2518929643408173,10,1
599,0.0,0.0,0.0,0.0,0.0,0.0,0.37174416,0.1409096039325723,10,0
600,0.0,0.0,0.0,0.0,0.0,0.0,0.37724906,0.1504338435133093,10,0
601,0.0,0.0,0.0,0.0,0.0,0.0,0.41610396,0.1909747221215854,10,0
602,0.0,0.0,0.0,0.0,0.0,0.0,0.4343063,0.29655048112984606,10,0
603,0.0,0.0,0.0,0.0,0.0,0.0,0.44835624,0.18048161520198286,10,0
604,0.0,0.0,0.0,0.0,0.0,0.0,0.3842355,0.1946145125279674,10,0
605,0.0,0.0,0.0,0.0,0.0,0.0,0.39688253,0.362675180651299,10,0
606,0.0,0.0,0.0,0.0,0.0,0.0,0.41739073,0.2835997322514256,10,0
607,0.0,0.0,0.0,0.0,0.0,0.0,0.39111406,0.2206672130787684,10,0
608,0.0,0.0,0.0,0.0,0.0,0.0,0.47475806,0.24298712779373002,10,0
609,0.0,0.0,0.0,0.0,0.0,0.0,0.38453543,0.5540021474413154,10,0
610,0.0,0.0,0.0,0.0,0.0,0.0,0.40900263,0.6440308997420663,10,0
611,0.0,0.0,0.0,0.0,0.0,0.0,0.39186364,0.2533846490275312,10,0
612,0.1,1.0,0.18181818181818182,0.6309297535714575,1.0,0.5,0.3624069,0.1574495939365704,10,1
613,0.0,0.0,0.0,0.0,0.0,0.0,0.3994392,0.18704379391102072,10,0
614,0.0,0.0,0.0,0.0,0.0,0.0,0.43813807,0.3586045750716716,10,0
615,0.0,0.0,0.0,0.0,0.0,0.0,0.422026,0.17405932067300983,10,0
616,0.1,1.0,0.18181818181818182,1.0,1.0,1.0,0.47526,0.2687185479268003,10,1
617,0.0,0.0,0.0,0.0,0.0,0.0,0.5182804,0.3602901667449478,10,0
618,0.0,0.0,0.0,0.0,0.0,0.0,0.39898965,0.3297485321721907,10,0
619,0.0,0.0,0.0,0.0,0.0,0.0,0.3991318,0.1470988802252183,10,0
620,0.0,0.0,0.0,0.0,0.0,0.0,0.42667457,0.2435151478586377,10,0
621,0.0,0.0,0.0,0.0,0.0,0.0,0.37873983,0.1875518308525379,10,0
622,0.1,1.0,0.18181818181818182,0.43067655807339306,1.0,0.25,0.3879241,0.22562467215392595,10,1
623,0.0,0.0,0.0,0.0,0.0,0.0,0.36474115,0.16626724899514916,10,0
624,0.0,0.0,0.0,0.0,0.0,0.0,0.39917538,0.16835049287238757,10,0
625,0.0,0.0,0.0,0.0,0.0,0.0,0.3779733,0.22755501610294093,10,0
626,0.0,0.0,0.0,0.0,0.0,0.0,0.38280836,0.40561354293740326,10,0
627,0.0,0.0,0.0,0.0,0.0,0.0,0.4248896,0.5696971848337753,10,0
628,0.0,0.0,0.0,0.0,0.0,0.0,0.4160355,0.16672255419682447,10,0
629,0.0,0.0,0.0,0.0,0.0,0.0,0.41550463,0.168889956270859,10,0
630,0.0,0.0,0.0,0.0,0.0,0.0,0.42718628,0.1449832326921996,10,0
631,0.0,0.0,0.0,0.0,0.0,0.0,0.39373526,0.3163474022432188,10,0
632,0.0,0.0,0.0,0.0,0.0,0.0,0.44500533,0.18525975056087632,10,0
633,0.0,0.0,0.0,0.0,0.0,0.0,0.38155788,0.08266285801483572,10,0
634,0.0,0.0,0.0,0.0,0.0,0.0,0.42251575,0.1840407985631316,10,0
635,0.0,0.0,0.0,0.0,0.0,0.0,0.41344374,0.12260529169051396,10,0
636,0.0,0.0,0.0,0.0,0.0,0.0,0.5049994,0.30073449118961637,10,0
637,0.0,0.0,0.0,0.0,0.0,0.0,0.38540977,0.2703446208921639,10,0
638,0.0,0.0,0.0,0.0,0.0,0.0,0.38564944,0.48130962305027136,10,0
639,0.0,0.0,0.0,0.0,0.0,0.0,0.41669536,0.3179837715984732,10,0
640,0.1,1.0,0.18181818181818182,0.3562071871080222,1.0,0.16666666666666666,0.41443717,0.36951653125611345,10,1
641,0.0,0.0,0.0,0.0,0.0,0.0,0.39327854,0.1913188402487423,10,0
642,0.0,0.0,0.0,0.0,0.0,0.0,0.4197528,0.25831888681867365,10,0
643,0.1,1.0,0.18181818181818182,1.0,1.0,1.0,0.36597434,0.3366748022953107,10,1
644,0.0,0.0,0.0,0.0,0.0,0.0,0.33617735,0.1992598644285831,10,0
645,0.0,0.0,0.0,0.0,0.0,0.0,0.4148056,0.24696996780867853,10,0
646,0.0,0.0,0.0,0.0,0.0,0.0,0.4443751,0.27939031735734526,10,0
647,0.0,0.0,0.0,0.0,0.0,0.0,0.44873565,0.24101077191409903,10,0
648,0.0,0.0,0.0,0.0,0.0,0.0,0.4158178,0.24200313446733937,10,0
649,0.0,0.0,0.0,0.0,0.0,0.0,0.40416837,0.1975887673520628,10,0
650,0.0,0.0,0.0,0.0,0.0,0.0,0.4142634,0.43085707014522356,10,0
651,0.0,0.0,0.0,0.0,0.0,0.0,0.4208554,0.10673702129510029,10,0
652,0.0,0.0,0.0,0.0,0.0,0.0,0.43046296,0.2779448158533361,10,0
653,0.1,1.0,0.18181818181818182,0.5,1.0,0.3333333333333333,0.3910297,0.27583407441576746,10,1
654,0.0,0.0,0.0,0.0,0.0,0.0,0.40983665,0.2192970436812418,10,0
655,0.0,0.0,0.0,0.0,0.0,0.0,0.42833397,0.23821137836806852,10,0
656,0.0,0.0,0.0,0.0,0.0,0.0,0.4585219,0.24946090285893857,10,0
657,0.0,0.0,0.0,0.0,0.0,0.0,0.38381764,0.3217211168997185,10,0
658,0.0,0.0,0.0,0.0,0.0,0.0,0.45765424,0.15570947967121018,10,0
659,0.0,0.0,0.0,0.0,0.0,0.0,0.39725637,0.18791727701378882,10,0
660,0.0,0.0,0.0,0.0,0.0,0.0,0.35970017,0.09326277396122169,10,0
661,0.0,0.0,0.0,0.0,0.0,0.0,0.40440792,0.6875398059005745,10,0
662,0.0,0.0,0.0,0.0,0.0,0.0,0.4218691,0.17112638827892218,10,0
663,0.0,0.0,0.0,0.0,0.0,0.0,0.47479913,0.16078835836437033,10,0
664,0.0,0.0,0.0,0.0,0.0,0.0,0.4904818,0.2996854239957635,10,0
665,0.0,0.0,0.0,0.0,0.0,0.0,0.44620502,0.2620572822677252,10,0
666,0.0,0.0,0.0,0.0,0.0,0.0,0.35854483,0.17994636834836353,10,0
667,0.0,0.0,0.0,0.0,0.0,0.0,0.4487323,0.4230006801682233,10,0
668,0.0,0.0,0.0,0.0,0.0,0.0,0.4507135,0.294436411583386,10,0
669,0.0,0.0,0.0,0.0,0.0,0.0,0.3989386,0.6120653116465152,10,0
670,0.0,0.0,0.0,0.0,0.0,0.0,0.360051,0.2075508600824117,10,0
671,0.0,0.0,0.0,0.0,0.0,0.0,0.40109575,0.19994499711272606,10,0
672,0.0,0.0,0.0,0.0,0.0,0.0,0.44824693,0.15821429815399152,10,0
673,0.0,0.0,0.0,0.0,0.0,0.0,0.39345458,0.34491971388429876,10,0
674,0.0,0.0,0.0,0.0,0.0,0.0,0.47942987,0.4755046468360006,10,0
675,0.1,1.0,0.18181818181818182,0.3562071871080222,1.0,0.16666666666666666,0.38193515,0.18816707788266102,10,1
676,0.0,0.0,0.0,0.0,0.0,0.0,0.4279798,0.2938709364652759,10,0
677,0.0,0.0,0.0,0.0,0.0,0.0,0.41836748,0.30956439449002165,10,0
678,0.0,0.0,0.0,0.0,0.0,0.0,0.3788655,0.33803809160369297,10,0
679,0.1,1.0,0.18181818181818182,1.0,1.0,1.0,0.4334498,0.4312974011439278,10,1
680,0.0,0.0,0.0,0.0,0.0,0.0,0.41010323,0.34099846369032516,10,0
681,0.0,0.0,0.0,0.0,0.0,0.0,0.4616558,0.2966920453065729,10,0
682,0.0,0.0,0.0,0.0,0.0,0.0,0.42419115,0.33902776525853406,10,0
683,0.0,0.0,0.0,0.0,0.0,0.0,0.44920352,0.19991206475815648,10,0
684,0.0,0.0,0.0,0.0,0.0,0.0,0.37280533,0.35192449441323886,10,0
685,0.0,0.0,0.0,0.0,0.0,0.0,0.37159696,0.13534006524666645,10,0
686,0.0,0.0,0.0,0.0,0.0,0.0,0.45167902,0.21646453860832277,10,0
687,0.0,0.0,0.0,0.0,0.0,0.0,0.4571672,0.34240138856027835,10,0
688,0.0,0.0,0.0,0.0,0.0,0.0,0.38249138,0.1250132552215984,10,0
689,0.0,0.0,0.0,0.0,0.0,0.0,0.4460638,0.19729832940194642,10,0
690,0.1,1.0,0.18181818181818182,0.38685280723454163,1.0,0.2,0.3858599,0.23043885680486068,10,1
691,0.0,0.0,0.0,0.0,0.0,0.0,0.4005631,0.17041325425879722,10,0
692,0.0,0.0,0.0,0.0,0.0,0.0,0.3866751,0.12151095915657369,10,0
693,0.0,0.0,0.0,0.0,0.0,0.0,0.4106544,0.2651269956169777,10,0
694,0.1,1.0,0.18181818181818182,0.38685280723454163,1.0,0.2,0.41262498,0.18633803299736157,10,1
695,0.0,0.0,0.0,0.0,0.0,0.0,0.41634843,0.25436631547978195,10,0
696,0.0,0.0,0.0,0.0,0.0,0.0,0.39091492,0.4207781160294767,10,0
697,0.0,0.0,0.0,0.0,0.0,0.0,0.42865083,0.26554273889037033,10,0
698,0.0,0.0,0.0,0.0,0.0,0.0,0.40188712,0.357731434990815,10,0
699,0.0,0.0,0.0,0.0,0.0,0.0,0.42788064,0.3304199486879442,10,0
700,0.0,0.0,0.0,0.0,0.0,0.0,0.46400332,0.46646846232785927,10,0
701,0.0,0.0,0.0,0.0,0.0,0.0,0.4149438,0.20628545053972863,10,0
702,0.1,1.0,0.18181818181818182,0.6309297535714575,1.0,0.5,0.39839333,0.3724683679335448,10,1
703,0.0,0.0,0.0,0.0,0.0,0.0,0.41788962,0.17864857374455045,10,0
704,0.1,1.0,0.18181818181818182,0.3333333333333333,1.0,0.14285714285714285,0.3824291,0.25264988717160397,10,1
705,0.0,0.0,0.0,0.0,0.0,0.0,0.35885823,0.22026841432172883,10,0
706,0.0,0.0,0.0,0.0,0.0,0.0,0.37115932,0.12569926079112648,10,0
707,0.0,0.0,0.0,0.0,0.0,0.0,0.47412193,0.22221740883716218,10,0
708,0.1,1.0,0.18181818181818182,1.0,1.0,1.0,0.36232626,0.14548905601711865,10,1
709,0.0,0.0,0.0,0.0,0.0,0.0,0.38005558,0.1132581466661307,10,0
710,0.0,0.0,0.0,0.0,0.0,0.0,0.43560982,0.3672117675473074,10,0
711,0.0,0.0,0.0,0.0,0.0,0.0,0.37064633,0.22211967646974032,10,0
712,0.0,0.0,0.0,0.0,0.0,0.0,0.3906083,0.25760073657666566,10,0
713,0.0,0.0,0.0,0.0,0.0,0.0,0.46942487,0.19591826032100226,10,0
714,0.0,0.0,0.0,0.0,0.0,0.0,0.42921796,0.2868482309073624,10,0
715,0.0,0.0,0.0,0.0,0.0,0.0,0.47113279,0.26567604170927767,10,0
716,0.0,0.0,0.0,0.0,0.0,0.0,0.4368186,0.36363972856059246,10,0
717,0.0,0.0,0.0,0.0,0.0,0.0,0.37164575,0.2739439254900867,10,0
718,0.0,0.0,0.0,0.0,0.0,0.0,0.39751264,0.3676905149342666,10,0
719,0.0,0.0,0.0,0.0,0.0,0.0,0.3992503,0.5513578009496702,10,0
720,0.0,0.0,0.0,0.0,0.0,0.0,0.39177483,0.30962043296573405,10,0
721,0.0,0.0,0.0,0.0,0.0,0.0,0.39611062,0.26445002973008264,10,0
722,0.0,0.0,0.0,0.0,0.0,0.0,0.34562594,0.11340939641250732,10,0
723,0.0,0.0,0.0,0.0,0.0,0.0,0.38231245,0.2126331011286636,10,0
724,0.0,0.0,0.0,0.0,0.0,0.0,0.45928502,0.17151990394067623,10,0
725,0.0,0.0,0.0,0.0,0.0,0.0,0.414029,0.2645840383039445,10,0
726,0.0,0.0,0.0,0.0,0.0,0.0,0.45348105,0.3412666287535421,10,0
727,0.0,0.0,0.0,0.0,0.0,0.0,0.4261824,0.18217407140414732,10,0
728,0.0,0.0,0.0,0.0,0.0,0.0,0.41175544,0.3512971741814577,10,0
729,0.0,0.0,0.0,0.0,0.0,0.0,0.46240562,0.2870199264434957,10,0
730,0.0,0.0,0.0,0.0,0.0,0.0,0.4990192,0.2874348322442522,10,0
731,0.0,0.0,0.0,0.0,0.0,0.0,0.38656357,0.22861502212371806,10,0
732,0.0,0.0,0.0,0.0,0.0,0.0,0.384028,0.1910492079332206,10,0
733,0.0,0.0,0.0,0.0,0.0,0.0,0.42162934,0.24941230404527842,10,0
734,0.1,1.0,0.18181818181818182,0.2890648263178879,1.0,0.1,0.38787824,0.37749998104920274,10,1
735,0.0,0.0,0.0,0.0,0.0,0.0,0.40512675,0.3551184234210926,10,0
736,0.0,0.0,0.0,0.0,0.0,0.0,0.38787228,0.1386787823952366,10,0
737,0.0,0.0,0.0,0.0,0.0,0.0,0.41496074,0.31034498971099217,10,0
738,0.0,0.0,0.0,0.0,0.0,0.0,0.40012813,0.19029823741347068,10,0
739,0.0,0.0,0.0,0.0,0.0,0.0,0.39494196,0.20290592507020905,10,0
740,0.1,1.0,0.18181818181818182,1.0,1.0,1.0,0.39021716,0.29117321912819155,10,1
741,0.0,0.0,0.0,0.0,0.0,0.0,0.44087833,0.43535527265050045,10,0
742,0.0,0.0,0.0,0.0,0.0,0.0,0.4493111,0.3570437610630968,10,0
743,0.0,0.0,0.0,0.0,0.0,0.0,0.38978687,0.1715536724589933,10,0
744,0.0,0.0,0.0,0.0,0.0,0.0,0.3755787,0.24136334074637472,10,0
745,0.1,1.0,0.18181818181818182,1.0,1.0,1.0,0.3856121,0.6503326416194717,10,1
746,0.0,0.0,0.0,0.0,0.0,0.0,0.3977635,0.23690533342829667,10,0
747,0.1,1.0,0.18181818181818182,0.38685280723454163,1.0,0.2,0.47323647,0.232129607535075,10,1
748,0.0,0.0,0.0,0.0,0.0,0.0,0.4127675,0.1949887163296319,10,0
749,0.0,0.0,0.0,0.0,0.0,0.0,0.36595884,0.2747292540183134,10,0
750,0.0,0.0,0.0,0.0,0.0,0.0,0.38088918,0.30194921303155653,10,0
751,0.1,1.0,0.18181818181818182,0.43067655807339306,1.0,0.25,0.3586276,0.2426600376381259,10,1
752,0.0,0.0,0.0,0.0,0.0,0.0,0.39135414,0.16686064935332717,10,0
753,0.0,0.0,0.0,0.0,0.0,0.0,0.41137794,0.10922025275505014,10,0
754,0.0,0.0,0.0,0.0,0.0,0.0,0.44984797,0.17414049463382836,10,0
755,0.0,0.0,0.0,0.0,0.0,0.0,0.4140672,0.24070855236983296,10,0
756,0.0,0.0,0.0,0.0,0.0,0.0,0.40210664,0.14281601355533144,10,0
757,0.0,0.0,0.0,0.0,0.0,0.0,0.43647885,0.19881885858458298,10,0
758,0.0,0.0,0.0,0.0,0.0,0.0,0.38275993,0.2152474961412228,10,0
759,0.0,0.0,0.0,0.0,0.0,0.0,0.39312783,0.2921399009800526,10,0
760,0.0,0.0,0.0,0.0,0.0,0.0,0.36396265,0.09582224303087532,10,0
761,0.0,0.0,0.0,0.0,0.0,0.0,0.37385723,0.5972122447036136,10,0
762,0.0,0.0,0.0,0.0,0.0,0.0,0.47566193,0.29002237941867753,10,0
763,0.0,0.0,0.0,0.0,0.0,0.0,0.41316286,0.28621487164503207,10,0
764,0.0,0.0,0.0,0.0,0.0,0.0,0.43019858,0.2737951992720804,10,0
765,0.0,0.0,0.0,0.0,0.0,0.0,0.42200387,0.163279798338308,10,0
766,0.1,1.0,0.18181818181818182,0.6309297535714575,1.0,0.5,0.42095727,0.28443482925456925,10,1
767,0.0,0.0,0.0,0.0,0.0,0.0,0.47838703,0.24003414139389373,10,0
768,0.0,0.0,0.0,0.0,0.0,0.0,0.36952853,0.2561549567784674,10,0
769,0.0,0.0,0.0,0.0,0.0,0.0,0.36708674,0.09357051318326715,10,0
770,0.0,0.0,0.0,0.0,0.0,0.0,0.34167507,0.43699429418699537,10,0
771,0.0,0.0,0.0,0.0,0.0,0.0,0.37720743,0.5717413009511196,10,0
772,0.1,1.0,0.18181818181818182,0.5,1.0,0.3333333333333333,0.43041018,0.3115276203684398,10,1
773,0.0,0.0,0.0,0.0,0.0,0.0,0.47247192,0.2678610334672971,10,0
774,0.0,0.0,0.0,0.0,0.0,0.0,0.38300964,0.26899729310217496,10,0
775,0.0,0.0,0.0,0.0,0.0,0.0,0.39674652,0.5074825437713114,10,0
776,0.0,0.0,0.0,0.0,0.0,0.0,0.4144076,0.14143574525458025,10,0
777,0.0,0.0,0.0,0.0,0.0,0.0,0.42720404,0.19351341669058222,10,0
778,0.0,0.0,0.0,0.0,0.0,0.0,0.36680552,0.13743980290919994,10,0
779,0.0,0.0,0.0,0.0,0.0,0.0,0.38015738,0.2944985018362166,10,0
780,0.1,1.0,0.18181818181818182,0.5,1.0,0.3333333333333333,0.40176904,0.43345585368889106,10,1
781,0.0,0.0,0.0,0.0,0.0,0.0,0.4409932,0.17348320837759718,10,0
782,0.1,1.0,0.18181818181818182,0.6309297535714575,1.0,0.5,0.3970606,0.35498001707864024,10,1
783,0.1,1.0,0.18181818181818182,1.0,1.0,1.0,0.41973254,0.23096731877494941,10,1
784,0.0,0.0,0.0,0.0,0.0,0.0,0.41776088,0.35692015916718506,10,0
785,0.0,0.0,0.0,0.0,0.0,0.0,0.42835727,0.23039884514870987,10,0
786,0.0,0.0,0.0,0.0,0.0,0.0,0.47155,0.25800350621119766,10,0
787,0.0,0.0,0.0,0.0,0.0,0.0,0.43622372,0.17854557562442236,10,0
788,0.0,0.0,0.0,0.0,0.0,0.0,0.3870135,0.28057885515001446,10,0
789,0.1,1.0,0.18181818181818182,1.0,1.0,1.0,0.411252,0.2789067764358128,10,1
790,0.1,1.0,0.18181818181818182,1.0,1.0,1.0,0.4515109,0.40860410314587475,10,1
791,0.0,0.0,0.0,0.0,0.0,0.0,0.3858182,0.27493815933030047,10,0
792,0.0,0.0,0.0,0.0,0.0,0.0,0.42202887,0.2582239405803014,10,0
793,0.0,0.0,0.0,0.0,0.0,0.0,0.45255283,0.32671610697452647,10,0
794,0.0,0.0,0.0,0.0,0.0,0.0,0.44279703,0.25170625606127234,10,0
795,0.0,0.0,0.0,0.0,0.0,0.0,0.38834488,0.1601848641080073,10,0
796,0.0,0.0,0.0,0.0,0.0,0.0,0.39474386,0.35808083901517307,10,0
797,0.0,0.0,0.0,0.0,0.0,0.0,0.42631593,0.1555470440862054,10,0
798,0.0,0.0,0.0,0.0,0.0,0.0,0.41323832,0.17121242829288316,10,0
799,0.0,0.0,0.0,0.0,0.0,0.0,0.37167045,0.2933496870903971,10,0
800,0.0,0.0,0.0,0.0,0.0,0.0,0.40469524,0.15737438981984225,10,0
801,0.0,0.0,0.0,0.0,0.0,0.0,0.43878776,0.31550483687359243,10,0
802,0.0,0.0,0.0,0.0,0.0,0.0,0.4645953,0.2734489840154053,10,0
803,0.1,1.0,0.18181818181818182,0.3333333333333333,1.0,0.14285714285714285,0.4058671,0.2572588652834137,10,1
804,0.1,1.0,0.18181818181818182,1.0,1.0,1.0,0.38901088,0.34958197158448073,10,1
805,0.0,0.0,0.0,0.0,0.0,0.0,0.43963102,0.3315313012947495,10,0
806,0.0,0.0,0.0,0.0,0.0,0.0,0.343293,0.13212155978731896,10,0
807,0.0,0.0,0.0,0.0,0.0,0.0,0.47897178,0.23256732596756535,10,0
808,0.0,0.0,0.0,0.0,0.0,0.0,0.38783592,0.32764910683841275,10,0
809,0.0,0.0,0.0,0.0,0.0,0.0,0.43120894,0.16675947690430953,10,0
810,0.0,0.0,0.0,0.0,0.0,0.0,0.4408858,0.2405473274225253,10,0
811,0.1,1.0,0.18181818181818182,0.2890648263178879,1.0,0.1,0.37404433,0.49367640042127975,10,1
812,0.0,0.0,0.0,0.0,0.0,0.0,0.39316368,0.46820996436792905,10,0
813,0.0,0.0,0.0,0.0,0.0,0.0,0.3945636,0.217117859222593,10,0
814,0.0,0.0,0.0,0.0,0.0,0.0,0.39389747,0.34809012335150624,10,0
815,0.1,1.0,0.18181818181818182,0.3010299956639812,1.0,0.1111111111111111,0.38889664,0.24269444375206922,10,1
816,0.0,0.0,0.0,0.0,0.0,0.0,0.413697,0.16918716317766905,10,0
817,0.0,0.0,0.0,0.0,0.0,0.0,0.4653738,0.18398080752062854,10,0
818,0.1,1.0,0.18181818181818182,0.6309297535714575,1.0,0.5,0.47925645,0.23558905981908468,10,1
819,0.0,0.0,0.0,0.0,0.0,0.0,0.44147906,0.3001959339849939,10,0
820,0.0,0.0,0.0,0.0,0.0,0.0,0.41480586,0.4033120481276075,10,0
821,0.1,1.0,0.18181818181818182,0.6309297535714575,1.0,0.5,0.37074342,0.35133023897485127,10,1
822,0.0,0.0,0.0,0.0,0.0,0.0,0.37826145,0.2562413423356526,10,0
823,0.0,0.0,0.0,0.0,0.0,0.0,0.39274675,0.2301930107292561,10,0
824,0.0,0.0,0.0,0.0,0.0,0.0,0.4381195,0.4623212735671314,10,0
825,0.0,0.0,0.0,0.0,0.0,0.0,0.41768047,0.12781908717111623,10,0
826,0.1,1.0,0.18181818181818182,0.3562071871080222,1.0,0.16666666666666666,0.36349228,0.3155213893921438,10,1
827,0.0,0.0,0.0,0.0,0.0,0.0,0.4005666,0.18623551237312946,10,0
828,0.0,0.0,0.0,0.0,0.0,0.0,0.3578443,0.1969345003938237,10,0
829,0.0,0.0,0.0,0.0,0.0,0.0,0.3834327,0.2603822040135794,10,0
830,0.0,0.0,0.0,0.0,0.0,0.0,0.4554331,0.2829828888838378,10,0
831,0.1,1.0,0.18181818181818182,1.0,1.0,1.0,0.48907006,0.38916529964889424,10,1
832,0.0,0.0,0.0,0.0,0.0,0.0,0.42875734,0.2839973770746143,10,0
833,0.0,0.0,0.0,0.0,0.0,0.0,0.39061075,0.38876140065383025,10,0
834,0.0,0.0,0.0,0.0,0.0,0.0,0.45603272,0.4489738812897227,10,0
835,0.0,0.0,0.0,0.0,0.0,0.0,0.4368525,0.2022340798536284,10,0
836,0.0,0.0,0.0,0.0,0.0,0.0,0.41550806,0.3215277720190007,10,0
837,0.0,0.0,0.0,0.0,0.0,0.0,0.36573303,0.35327211806583414,10,0
838,0.0,0.0,0.0,0.0,0.0,0.0,0.36920026,0.2179360940256066,10,0
839,0.0,0.0,0.0,0.0,0.0,0.0,0.35221463,0.18987090971939083,10,0
840,0.0,0.0,0.0,0.0,0.0,0.0,0.41604474,0.21585301345812552,10,0
841,0.0,0.0,0.0,0.0,0.0,0.0,0.38161147,0.21512058681962518,10,0
842,0.0,0.0,0.0,0.0,0.0,0.0,0.378307,0.3114251670660962,10,0
843,0.0,0.0,0.0,0.0,0.0,0.0,0.4508947,0.20790709673877075,10,0
844,0.0,0.0,0.0,0.0,0.0,0.0,0.46378118,0.29817138789080866,10,0
845,0.1,1.0,0.18181818181818182,0.5,1.0,0.3333333333333333,0.3538054,0.20281610782271872,10,1
846,0.0,0.0,0.0,0.0,0.0,0.0,0.36719042,0.32609519102257095,10,0
847,0.0,0.0,0.0,0.0,0.0,0.0,0.41365916,0.12357654051204695,10,0
848,0.0,0.0,0.0,0.0,0.0,0.0,0.41269612,0.2289300483484201,10,0
849,0.1,1.0,0.18181818181818182,1.0,1.0,1.0,0.38975498,0.19740801401526192,10,1
850,0.0,0.0,0.0,0.0,0.0,0.0,0.34640396,0.19056804958881274,10,0
851,0.0,0.0,0.0,0.0,0.0,0.0,0.38152185,0.13586652856202086,10,0
852,0.0,0.0,0.0,0.0,0.0,0.0,0.44853213,0.2026393722509942,10,0
853,0.0,0.0,0.0,0.0,0.0,0.0,0.36384198,0.301551850274379,10,0
854,0.0,0.0,0.0,0.0,0.0,0.0,0.40633774,0.12891358790838048,10,0
855,0.0,0.0,0.0,0.0,0.0,0.0,0.44957435,0.22714952406216132,10,0
856,0.0,0.0,0.0,0.0,0.0,0.0,0.38268474,0.4593945641436334,10,0
857,0.0,0.0,0.0,0.0,0.0,0.0,0.39663818,0.17172236102162303,10,0
858,0.0,0.0,0.0,0.0,0.0,0.0,0.42539465,0.23765081714240832,10,0
859,0.0,0.0,0.0,0.0,0.0,0.0,0.43747056,0.10632125568138236,10,0
860,0.1,1.0,0.18181818181818182,0.5,1.0,0.3333333333333333,0.45234045,0.3803126681459844,10,1
861,0.0,0.0,0.0,0.0,0.0,0.0,0.38819474,0.2476986191440961,10,0
862,0.0,0.0,0.0,0.0,0.0,0.0,0.42186096,0.17928273624754656,10,0
863,0.0,0.0,0.0,0.0,0.0,0.0,0.47136295,0.31794650972210003,10,0
864,0.0,0.0,0.0,0.0,0.0,0.0,0.3718871,0.2768875094606747,10,0
865,0.0,0.0,0.0,0.0,0.0,0.0,0.41338432,0.15345722324809188,10,0
866,0.0,0.0,0.0,0.0,0.0,0.0,0.4440953,0.19784748156610893,10,0
867,0.0,0.0,0.0,0.0,0.0,0.0,0.35560185,0.3007568963489785,10,0
868,0.0,0.0,0.0,0.0,0.0,0.0,0.4647255,0.11757250435685744,10,0
869,0.0,0.0,0.0,0.0,0.0,0.0,0.42641848,0.2967481545521382,10,0
870,0.0,0.0,0.0,0.0,0.0,0.0,0.3789825,0.15560249782295124,10,0
871,0.0,0.0,0.0,0.0,0.0,0.0,0.39341584,0.1791331861939968,10,0
872,0.0,0.0,0.0,0.0,0.0,0.0,0.36532977,0.10249278940260798,10,0
873,0.0,0.0,0.0,0.0,0.0,0.0,0.40310037,0.20948664802511666,10,0
874,0.1,1.0,0.18181818181818182,1.0,1.0,1.0,0.46033093,0.46061591471983965,10,1
875,0.0,0.0,0.0,0.0,0.0,0.0,0.36917207,0.192962082655664,10,0
876,0.0,0.0,0.0,0.0,0.0,0.0,0.509665,0.38931765500806587,10,0
877,0.1,1.0,0.18181818181818182,0.31546487678572877,1.0,0.125,0.39707544,0.2950852213389066,10,1
878,0.0,0.0,0.0,0.0,0.0,0.0,0.40709826,0.2385681312594002,10,0
879,0.0,0.0,0.0,0.0,0.0,0.0,0.38018677,0.2128818332491429,10,0
880,0.0,0.0,0.0,0.0,0.0,0.0,0.3994694,0.2971397165707016,10,0
881,0.0,0.0,0.0,0.0,0.0,0.0,0.42857027,0.27921791001480845,10,0
882,0.0,0.0,0.0,0.0,0.0,0.0,0.41999182,0.1599479417075882,10,0
883,0.0,0.0,0.0,0.0,0.0,0.0,0.38294882,0.2562916771223497,10,0
884,0.0,0.0,0.0,0.0,0.0,0.0,0.42302233,0.3596433865122788,10,0
885,0.0,0.0,0.0,0.0,0.0,0.0,0.4424241,0.3303974457481681,10,0
886,0.0,0.0,0.0,0.0,0.0,0.0,0.36498603,0.2234315782172466,10,0
887,0.0,0.0,0.0,0.0,0.0,0.0,0.38806424,0.2709528226507974,10,0
888,0.0,0.0,0.0,0.0,0.0,0.0,0.37219217,0.17143736752227384,10,0
889,0.0,0.0,0.0,0.0,0.0,0.0,0.4480139,0.20544364492483905,10,0
890,0.0,0.0,0.0,0.0,0.0,0.0,0.39654082,0.19567468341388955,10,0
891,0.0,0.0,0.0,0.0,0.0,0.0,0.39845115,0.2241716446489132,10,0
892,0.0,0.0,0.0,0.0,0.0,0.0,0.42602226,0.227509167297562,10,0
893,0.0,0.0,0.0,0.0,0.0,0.0,0.3988873,0.1985701212232364,10,0
894,0.0,0.0,0.0,0.0,0.0,0.0,0.42060283,0.3334954042854215,10,0
895,0.0,0.0,0.0,0.0,0.0,0.0,0.45584652,0.1907135263914272,10,0
896,0.0,0.0,0.0,0.0,0.0,0.0,0.4099467,0.23059772329132375,10,0
897,0.0,0.0,0.0,0.0,0.0,0.0,0.40156245,0.17410033735887892,10,0
898,0.0,0.0,0.0,0.0,0.0,0.0,0.4488093,0.3454388688539602,10,0
899,0.0,0.0,0.0,0.0,0.0,0.0,0.3940187,0.28101003391933654,10,0
900,0.1,1.0,0.18181818181818182,1.0,1.0,1.0,0.39714482,0.33993919390549704,10,1
901,0.0,0.0,0.0,0.0,0.0,0.0,0.36824647,0.32882355058813595,10,0
902,0.1,1.0,0.18181818181818182,0.31546487678572877,1.0,0.125,0.38898405,0.3828061244156114,10,1
903,0.0,0.0,0.0,0.0,0.0,0.0,0.37713835,0.30057194354181593,10,0
904,0.0,0.0,0.0,0.0,0.0,0.0,0.46601102,0.22076734350791175,10,0
905,0.0,0.0,0.0,0.0,0.0,0.0,0.36864752,0.17055201192912292,10,0
906,0.0,0.0,0.0,0.0,0.0,0.0,0.35174027,0.29697202463471084,10,0
907,0.0,0.0,0.0,0.0,0.0,0.0,0.4630895,0.3479702798732573,10,0
908,0.0,0.0,0.0,0.0,0.0,0.0,0.43312052,0.1780351637088735,10,0
909,0.1,1.0,0.18181818181818182,0.31546487678572877,1.0,0.125,0.40365157,0.40194110633529806,10,1
910,0.0,0.0,0.0,0.0,0.0,0.0,0.39471754,0.1738117044290904,10,0
911,0.0,0.0,0.0,0.0,0.0,0.0,0.40388548,0.22592417206328844,10,0
912,0.0,0.0,0.0,0.0,0.0,0.0,0.40461642,0.20628234474734786,10,0
913,0.0,0.0,0.0,0.0,0.0,0.0,0.41998875,0.25722201111806664,10,0
914,0.0,0.0,0.0,0.0,0.0,0.0,0.38707212,0.30561584350186904,10,0
915,0.0,0.0,0.0,0.0,0.0,0.0,0.4140835,0.185140874158734,10,0
916,0.1,1.0,0.18181818181818182,0.6309297535714575,1.0,0.5,0.42529398,0.32666637592157655,10,1
917,0.0,0.0,0.0,0.0,0.0,0.0,0.42571753,0.23661953447485473,10,0
918,0.0,0.0,0.0,0.0,0.0,0.0,0.38681945,0.2810768681634066,10,0
919,0.0,0.0,0.0,0.0,0.0,0.0,0.3820865,0.14980070513205704,10,0
920,0.0,0.0,0.0,0.0,0.0,0.0,0.4594347,0.22924264360897767,10,0
921,0.0,0.0,0.0,0.0,0.0,0.0,0.37426153,0.30655152876784053,10,0
922,0.0,0.0,0.0,0.0,0.0,0.0,0.38679838,0.11324569491986854,10,0
923,0.0,0.0,0.0,0.0,0.0,0.0,0.4527903,0.3281215741974566,10,0
924,0.0,0.0,0.0,0.0,0.0,0.0,0.4060403,0.34283582877012514,10,0
925,0.0,0.0,0.0,0.0,0.0,0.0,0.44002342,0.2521320441510596,10,0
926,0.0,0.0,0.0,0.0,0.0,0.0,0.45533523,0.2953597700489322,10,0
927,0.0,0.0,0.0,0.0,0.0,0.0,0.42151904,0.1264560570811785,10,0
928,0.0,0.0,0.0,0.0,0.0,0.0,0.41117507,0.42887131864021877,10,0
929,0.0,0.0,0.0,0.0,0.0,0.0,0.38902426,0.14410484099785367,10,0
930,0.0,0.0,0.0,0.0,0.0,0.0,0.39834154,0.21379389015647005,10,0
931,0.1,1.0,0.18181818181818182,0.43067655807339306,1.0,0.25,0.38165984,0.29368870153861215,10,1
932,0.1,1.0,0.18181818181818182,0.31546487678572877,1.0,0.125,0.3968029,0.2577953133373846,10,1
933,0.0,0.0,0.0,0.0,0.0,0.0,0.3872196,0.26559447517340795,10,0
934,0.0,0.0,0.0,0.0,0.0,0.0,0.4092337,0.24617286820675588,10,0
935,0.0,0.0,0.0,0.0,0.0,0.0,0.35441402,0.1660641434204196,10,0
936,0.0,0.0,0.0,0.0,0.0,0.0,0.3640941,0.14556229498313122,10,0
937,0.0,0.0,0.0,0.0,0.0,0.0,0.4205783,0.3930588303430058,10,0
938,0.1,1.0,0.18181818181818182,0.31546487678572877,1.0,0.125,0.3870924,0.20878759642651232,10,1
939,0.1,1.0,0.18181818181818182,0.6309297535714575,1.0,0.5,0.4162162,0.21822207576292527,10,1
940,0.1,1.0,0.18181818181818182,0.6309297535714575,1.0,0.5,0.3975473,0.29432228884979106,10,1
941,0.0,0.0,0.0,0.0,0.0,0.0,0.36389604,0.28494642814572285,10,0
942,0.0,0.0,0.0,0.0,0.0,0.0,0.39065352,0.18232311367625692,10,0
943,0.0,0.0,0.0,0.0,0.0,0.0,0.40982407,0.2303224055582863,10,0
944,0.1,1.0,0.18181818181818182,1.0,1.0,1.0,0.45019168,0.5577387488925987,10,1
945,0.0,0.0,0.0,0.0,0.0,0.0,0.39273882,0.17159472009803595,10,0
946,0.0,0.0,0.0,0.0,0.0,0.0,0.47464022,0.31795263534326335,10,0
947,0.0,0.0,0.0,0.0,0.0,0.0,0.42431048,0.16761497192486735,10,0
948,0.0,0.0,0.0,0.0,0.0,0.0,0.40639535,0.15657962503918732,10,0
949,0.0,0.0,0.0,0.0,0.0,0.0,0.4409198,0.21181326951414475,10,0
950,0.0,0.0,0.0,0.0,0.0,0.0,0.4343081,0.23256521423801554,10,0
951,0.0,0.0,0.0,0.0,0.0,0.0,0.48954695,0.2974251993258708,10,0
952,0.0,0.0,0.0,0.0,0.0,0.0,0.37119967,0.16118626516430154,10,0
953,0.0,0.0,0.0,0.0,0.0,0.0,0.35611838,0.21680031003963957,10,0
954,0.0,0.0,0.0,0.0,0.0,0.0,0.4117972,0.18391186450858435,10,0
955,0.0,0.0,0.0,0.0,0.0,0.0,0.4683584,0.2685227076759455,10,0
956,0.0,0.0,0.0,0.0,0.0,0.0,0.3750855,0.251518641302442,10,0
957,0.0,0.0,0.0,0.0,0.0,0.0,0.3841375,0.3407256877227698,10,0
958,0.0,0.0,0.0,0.0,0.0,0.0,0.41120437,0.2954441312326413,10,0
959,0.0,0.0,0.0,0.0,0.0,0.0,0.40598208,0.3536971546517411,10,0
960,0.0,0.0,0.0,0.0,0.0,0.0,0.38713345,0.21355939852921235,10,0
961,0.0,0.0,0.0,0.0,0.0,0.0,0.35687798,0.31110348269571775,10,0
962,0.0,0.0,0.0,0.0,0.0,0.0,0.4754058,0.362587203152407,10,0
963,0.0,0.0,0.0,0.0,0.0,0.0,0.38485387,0.14328900499525438,10,0
964,0.1,1.0,0.18181818181818182,0.31546487678572877,1.0,0.125,0.41412064,0.1442985066040988,10,1
965,0.0,0.0,0.0,0.0,0.0,0.0,0.36296323,0.31278822259724726,10,0
966,0.0,0.0,0.0,0.0,0.0,0.0,0.38200733,0.11210568133106395,10,0
967,0.0,0.0,0.0,0.0,0.0,0.0,0.43312585,0.2718767517050754,10,0
968,0.0,0.0,0.0,0.0,0.0,0.0,0.42485395,0.17457883397664914,10,0
969,0.1,1.0,0.18181818181818182,0.43067655807339306,1.0,0.25,0.38506725,0.12311466351370495,10,1
970,0.0,0.0,0.0,0.0,0.0,0.0,0.38770562,0.3098904392567209,10,0
971,0.0,0.0,0.0,0.0,0.0,0.0,0.4042781,0.09927574152153351,10,0
972,0.0,0.0,0.0,0.0,0.0,0.0,0.41877866,0.24232056997375045,10,0
973,0.0,0.0,0.0,0.0,0.0,0.0,0.39200702,0.4044143043526517,10,0
974,0.0,0.0,0.0,0.0,0.0,0.0,0.38834855,0.2116435630589681,10,0
975,0.0,0.0,0.0,0.0,0.0,0.0,0.40179294,0.3436564182681977,10,0
976,0.0,0.0,0.0,0.0,0.0,0.0,0.39920694,0.24395278663221392,10,0
977,0.0,0.0,0.0,0.0,0.0,0.0,0.46207958,0.26606376392326003,10,0
978,0.0,0.0,0.0,0.0,0.0,0.0,0.40333858,0.42018277358021006,10,0
979,0.0,0.0,0.0,0.0,0.0,0.0,0.38137457,0.2446899717932441,10,0
980,0.0,0.0,0.0,0.0,0.0,0.0,0.46884987,0.16466163066836614,10,0
981,0.0,0.0,0.0,0.0,0.0,0.0,0.41895413,0.14852427815669192,10,0
982,0.0,0.0,0.0,0.0,0.0,0.0,0.43939573,0.18979543768754664,10,0
983,0.0,0.0,0.0,0.0,0.0,0.0,0.39040482,0.4321470914084157,10,0
984,0.0,0.0,0.0,0.0,0.0,0.0,0.396365,0.2952369968316139,10,0
985,0.0,0.0,0.0,0.0,0.0,0.0,0.44525847,0.37308879741990386,10,0
986,0.0,0.0,0.0,0.0,0.0,0.0,0.360071,0.20299049710740427,10,0
987,0.0,0.0,0.0,0.0,0.0,0.0,0.36504915,0.1358056756446814,10,0
988,0.0,0.0,0.0,0.0,0.0,0.0,0.40162015,0.17205984406369126,10,0
989,0.0,0.0,0.0,0.0,0.0,0.0,0.39664096,0.3023015943836242,10,0
990,0.0,0.0,0.0,0.0,0.0,0.0,0.4172293,0.10617791318684766,10,0
991,0.0,0.0,0.0,0.0,0.0,0.0,0.37743843,0.16477006424964138,10,0
992,0.0,0.0,0.0,0.0,0.0,0.0,0.37932548,0.2660931395527196,10,0
993,0.0,0.0,0.0,0.0,0.0,0.0,0.36716098,0.13149327980698794,10,0
994,0.0,0.0,0.0,0.0,0.0,0.0,0.45366913,0.27268163744874163,10,0
995,0.1,1.0,0.18181818181818182,0.5,1.0,0.3333333333333333,0.480734,0.28635338503441404,10,1
996,0.0,0.0,0.0,0.0,0.0,0.0,0.39476177,0.19653667363396518,10,0
997,0.0,0.0,0.0,0.0,0.0,0.0,0.37593728,0.16187015712127745,10,0
998,0.0,0.0,0.0,0.0,0.0,0.0,0.40250215,0.20753383057627772,10,0
999,0.1,1.0,0.18181818181818182,0.38685280723454163,1.0,0.2,0.41858757,0.23488798248659748,10,1
1000,0.0,0.0,0.0,0.0,0.0,0.0,0.37519336,0.21561569317144472,10,0
